{"type":"FeatureCollection","features":[{"type":"Feature","geometry":{"type":"MultiPolygon","coordinates":[[[[121.09324701061362,14.529404073084038],[121.09315037121989,14.529855146308144],[121.09324313662583,14.529855901093356],[121.0932400373394,14.530217363487417],[121.09398216198362,14.530223400605244],[121.09425813553457,14.530496760868736],[121.09417001654175,14.529953812576721],[121.09379972917361,14.529860429034311],[121.09343254106507,14.52940558249539],[121.09324701061362,14.529404073084038]]],[[[121.09148292138177,14.5295704573806],[121.09166767634315,14.52966233372349],[121.0917573399357,14.530024551172325],[121.09194209539179,14.530116427355253],[121.09193976930598,14.530387523939723],[121.09212530043581,14.530389034485545],[121.09221263907853,14.531022348477638],[121.09202633203851,14.531111203463052],[121.0920240058892,14.53138230003793],[121.09211677187085,14.531383055346367],[121.09239739554563,14.531114224418005],[121.09239894598399,14.530933493325158],[121.09295864086235,14.530576561286832],[121.09296019078485,14.530395830126484],[121.09268189395375,14.530393565242914],[121.09240747301267,14.529939472262274],[121.09212995210765,14.529846841251235],[121.09213150262214,14.529666110167181],[121.09222426789395,14.529666865345856],[121.09213739540037,14.528979213244684],[121.09148292138177,14.5295704573806]]],[[[121.09183614751846,14.531651885849914],[121.09202245509618,14.531563031084147],[121.0920240058892,14.53138230003793],[121.09183769847277,14.531471154824747],[121.09183614751846,14.531651885849914]]],[[[121.09183614751846,14.531651885849914],[121.09127567251882,14.532099180104083],[121.09127412103783,14.53227991106024],[121.09183459654285,14.531832616872151],[121.09183614751846,14.531651885849914]]],[[[121.08329550651722,14.543057625148803],[121.08348103241212,14.543060867279642],[121.08348212208911,14.542934546212582],[121.08329550651722,14.543057625148803]]],[[[121.08301484140952,14.543328165171374],[121.0829212911791,14.54341777060085],[121.08301406168728,14.543418530125738],[121.08301484140952,14.543328165171374]]],[[[121.08104558690489,14.545752058260373],[121.08113913890091,14.545662453810735],[121.08104636755822,14.545661693428578],[121.08104558690489,14.545752058260373]]],[[[121.10970712358359,14.546581570631432],[121.10961404167021,14.546617086220657],[121.10961306081472,14.546732334609445],[121.10972207600004,14.546624929999972],[121.10970712358359,14.546581570631432]]],[[[121.10905201673366,14.547245154867348],[121.10921840670373,14.547156126318548],[121.10936923646229,14.546976599441273],[121.10905355542151,14.54706442227046],[121.10905201673366,14.547245154867348]]],[[[121.10858276231514,14.547873971371015],[121.10839721481466,14.547872472089072],[121.10811581450814,14.548231687861044],[121.10793026675915,14.548230188173026],[121.10764826871726,14.548659410860996],[121.10858276231514,14.547873971371015]]],[[[121.10755532120525,14.548679019406983],[121.10755491452079,14.548726744986826],[121.10762035434502,14.548679545172547],[121.10755532120525,14.548679019406983]]],[[[121.10746177709396,14.548768635539808],[121.10746156026927,14.548794079124558],[121.10749644802728,14.548768915857355],[121.10746177709396,14.548768635539808]]],[[[121.1073807419455,14.548858352768299],[121.10699636626816,14.548945616968876],[121.10699428796211,14.549189433513607],[121.1073807419455,14.548858352768299]]],[[[121.10662032559996,14.549522528095746],[121.10690205150861,14.549125599006416],[121.10671573273807,14.549214464427038],[121.10662032559996,14.549522528095746]]],[[[121.10656128389226,14.549574704637678],[121.1064343279894,14.549573677603487],[121.10643335523322,14.549687758047778],[121.10656128389226,14.549574704637678]]],[[[121.10086787657218,14.549528579039315],[121.10059032741891,14.549435954804721],[121.10049600753413,14.549615933598812],[121.10086555813491,14.549799676587636],[121.10086787657218,14.549528579039315]]],[[[121.1063586124727,14.549753809799846],[121.10624723805395,14.549752908712197],[121.10615292229883,14.549932890321191],[121.10615594073003,14.549932914744321],[121.1063586124727,14.549753809799846]]],[[[121.10577868404245,14.550298034672213],[121.10559319183197,14.550289850013574],[121.10559242090491,14.550380216106138],[121.10569337953801,14.550381033240765],[121.10577868404245,14.550298034672213]]],[[[121.10271332114489,14.550718383844128],[121.10280686785403,14.550628769955374],[121.10271409326184,14.550628017905307],[121.10271332114489,14.550718383844128]]],[[[121.10484559646191,14.55091640391478],[121.1052190091172,14.550648310365908],[121.10494068494194,14.550646056970127],[121.10484559646191,14.55091640391478]]],[[[121.10113460771922,14.55088632500182],[121.10141061358138,14.55115968056134],[121.10159616307449,14.55116118571139],[121.10169202803029,14.550800474700907],[121.10150647882814,14.550798969663301],[121.1015049335874,14.55097970141047],[121.10141215891893,14.550978948826874],[121.10122892779034,14.550706345971296],[121.10113460771922,14.55088632500182]]],[[[121.10168739269648,14.551342669992238],[121.10187139736922,14.551524906718747],[121.10196417229056,14.551525659147977],[121.10187448735402,14.551163443161084],[121.10168893782902,14.551161938231392],[121.10168739269648,14.551342669992238]]],[[[121.10354057493605,14.551628810801596],[121.10372766855647,14.551449582340368],[121.10465873309616,14.55106880987481],[121.1046592754815,14.551005267403436],[121.10410108331443,14.551181490859442],[121.104100311731,14.55127185686683],[121.1040083084216,14.55118073929441],[121.10363643713147,14.551268098649803],[121.10344857175515,14.55153769302143],[121.10354057493605,14.551628810801596]]],[[[121.09267972017615,14.552263523038853],[121.09268127274045,14.552082792241858],[121.09258849808876,14.552082036105727],[121.09258694544906,14.552262766892952],[121.09267972017615,14.552263523038853]]],[[[121.10335502484244,14.551627307145285],[121.10335425293084,14.55171767311004],[121.10307592771721,14.55171541733554],[121.10298160851596,14.551895397225643],[121.10279605825991,14.551893893099397],[121.10260819132182,14.552163486594925],[121.10232986567031,14.552161229865899],[121.10214141276309,14.552499281188211],[121.10344709531982,14.551710545104832],[121.10335502484244,14.551627307145285]]],[[[121.09286216475542,14.552626496844976],[121.09295571584248,14.552536887490373],[121.09286294098614,14.55253613143995],[121.09286216475542,14.552626496844976]]],[[[121.09286061227772,14.552807227652806],[121.09286216475542,14.552626496844976],[121.09276938986676,14.552625740752987],[121.09276783731364,14.552806471550959],[121.09286061227772,14.552807227652806]]],[[[121.10209829385376,14.552520840608327],[121.1018628994719,14.552518931441636],[121.10167448381709,14.552852504180311],[121.10209829385376,14.552520840608327]]],[[[121.09276783731364,14.552806471550959],[121.09267428603279,14.552896080805464],[121.09276706102919,14.552896836948879],[121.09276783731364,14.552806471550959]]],[[[121.10158148273914,14.55287813722764],[121.10158094418185,14.552941120382155],[121.10164686699501,14.55287866764122],[121.10158148273914,14.55287813722764]]],[[[121.10148793453334,14.552967750435428],[121.10148735561624,14.553035449808203],[121.10155228353466,14.552968272479525],[121.10148793453334,14.552967750435428]]],[[[121.09267273337221,14.553076811589314],[121.09258073467645,14.552985690012719],[121.09257995830575,14.553076055399359],[121.09267273337221,14.553076811589314]]],[[[121.10132168428856,14.553237517966942],[121.101206516589,14.553326955614896],[121.10120597520837,14.553390254403595],[121.10132168428856,14.553237517966942]]],[[[121.10111296803859,14.553416568628261],[121.10111227625809,14.553497447762496],[121.10118559377015,14.553417157950719],[121.10111296803859,14.553416568628261]]],[[[121.10027798724342,14.553409791546521],[121.1000924360142,14.553408285124334],[121.10009175730795,14.553487593094392],[121.10027721398107,14.553500157335773],[121.10027798724342,14.553409791546521]]],[[[121.10009320934653,14.553317919344053],[121.09916700130017,14.55312965361296],[121.09897990287133,14.55330887778402],[121.09897812615674,14.553516368747363],[121.09933811,14.553219490000089],[121.09992001423653,14.553406885163476],[121.1000924360142,14.553408285124334],[121.10009320934653,14.553317919344053]]],[[[121.10027721398107,14.553500157335773],[121.10086767700008,14.553592077000097],[121.10110007142023,14.553506836080707],[121.10027721398107,14.553500157335773]]],[[[121.08821486724985,14.553582663962725],[121.08812131399617,14.553672271126548],[121.08821408906957,14.55367302911382],[121.08821486724985,14.553582663962725]]],[[[121.08227493398752,14.553805173547971],[121.08385444637204,14.55354699908412],[121.08385522631927,14.553456634163151],[121.08478297407211,14.553464229181188],[121.08496696469227,14.55364647770315],[121.08515329390424,14.553557631149658],[121.08515251447955,14.55364799613875],[121.08617303869366,14.553656344908159],[121.0861722596784,14.553746709950452],[121.08672968853871,14.553660896909157],[121.08673046732243,14.553570531836577],[121.08700801353368,14.553663172413742],[121.08700879220423,14.553572807326418],[121.0875654421127,14.553577357314538],[121.08803165191902,14.55331005253294],[121.0883099766867,14.553312326435961],[121.08831153292371,14.55313159611725],[121.0884970826448,14.553133111849323],[121.0884986387096,14.552952381508142],[121.08868418830137,14.552953897073682],[121.08915272885653,14.552415494097346],[121.09008125249353,14.552332702331192],[121.09008047514227,14.552423067590734],[121.0902660244637,14.552424581848697],[121.09017402711378,14.55233345947363],[121.09027146528189,14.551792024947883],[121.0900859164884,14.551790510758575],[121.09008669380209,14.551700145493882],[121.08887984985233,14.551780664947298],[121.08831853572507,14.552318309646814],[121.08813298670412,14.552316793856122],[121.08794510303328,14.552586373356444],[121.08720057072014,14.552851403332632],[121.08719979216798,14.552941768435677],[121.08673591865781,14.552937976307998],[121.08673513991175,14.55302834138573],[121.08608649596893,14.55293266578673],[121.08608571695892,14.55302303083009],[121.08590016759211,14.553021513197848],[121.08571617656312,14.552839265370618],[121.08506597513203,14.552924317045655],[121.08488198494308,14.552742068654165],[121.084139789068,14.552735993542196],[121.08413900927694,14.55282635848377],[121.08348958790444,14.5528210407981],[121.08320970418717,14.552999491021676],[121.08265305715025,14.552994930852812],[121.08237317265174,14.553173379963589],[121.08209484902804,14.553171099023263],[121.0820901650623,14.553713287990142],[121.08227493398752,14.553805173547971]]],[[[121.09879974200005,14.553836406000151],[121.09887114500009,14.553720926000011],[121.09894499928589,14.553579710250517],[121.09879203026978,14.553578467476722],[121.09879974200005,14.553836406000151]]],[[[121.08143839903093,14.553979058673914],[121.08190305403855,14.553892496750596],[121.08181574469214,14.553259182567277],[121.08088643712212,14.553432305423417],[121.08088565596832,14.553522670186823],[121.07958681189895,14.553512014467227],[121.0795875935807,14.553421649772833],[121.07912372114308,14.553417842438652],[121.07912450300788,14.55332747776815],[121.07689791808707,14.55330918990093],[121.07689635254214,14.553489919004434],[121.07680357816231,14.553489156541008],[121.07689478697553,14.553670648105008],[121.0784711713875,14.553773969164983],[121.07847038923175,14.553864333797293],[121.07921180454373,14.553960792016305],[121.07921102267895,14.55405115668654],[121.08143761807109,14.554069423462455],[121.08143839903093,14.553979058673914]]],[[[121.09878658034606,14.553849539186956],[121.09860338322139,14.553938422655008],[121.09860192714471,14.554108427251542],[121.09878658034606,14.553849539186956]]],[[[121.07578071062595,14.553751860490891],[121.07540804614028,14.553929537532682],[121.07549847049202,14.554201393988162],[121.07596312677072,14.554114844210595],[121.07596469314531,14.553934115216247],[121.07578071062595,14.553751860490891]]],[[[121.09303296658045,14.554344951660045],[121.09275696884343,14.554071587054693],[121.0927585215462,14.553890856277238],[121.09239052587832,14.553526369782386],[121.09248640683091,14.553165664553589],[121.09230240962223,14.552983421237151],[121.09220575195397,14.55343449173304],[121.09229852714985,14.553435248089528],[121.09229697412353,14.553615978825327],[121.09248174823634,14.553707856824225],[121.09248019532875,14.553888587575123],[121.09266496974861,14.553980465464065],[121.09266341695968,14.55416119623024],[121.09284741535426,14.554343439400217],[121.09303296658045,14.554344951660045]]],[[[121.09832072181591,14.554442118521091],[121.09859220466784,14.554119075792169],[121.09832195961786,14.554297623620336],[121.09832072181591,14.554442118521091]]],[[[121.09330974115608,14.554527950603156],[121.09321851782798,14.55434646377297],[121.09303296658045,14.554344951660045],[121.09312418974699,14.554526438544144],[121.09330974115608,14.554527950603156]]],[[[121.0982276354397,14.55447760095577],[121.09822689474908,14.554564060303274],[121.09829299346856,14.554478132147217],[121.0982276354397,14.55447760095577]]],[[[121.09330896499623,14.554618316016441],[121.09442149863975,14.554717750815058],[121.09442227435248,14.554627385343863],[121.09479415319878,14.554540041785966],[121.09498125574646,14.55436082151774],[121.09498280667127,14.554180090509892],[121.09460937724522,14.554448165419895],[121.09423827429987,14.55444514323144],[121.09423749852238,14.554535508694375],[121.09330974115608,14.554527950603156],[121.09330896499623,14.554618316016441]]],[[[121.09785188574124,14.555016778408056],[121.09813098846581,14.55492867522997],[121.09822390833716,14.554567942628491],[121.09775988395486,14.554925658527438],[121.09785188574124,14.555016778408056]]],[[[121.0982431880001,14.55493487200009],[121.09822299042439,14.555019794983135],[121.09826172126017,14.55502010977817],[121.0982431880001,14.55493487200009]]],[[[121.09775910958372,14.55501602417236],[121.0974800066538,14.55510412687465],[121.09747923215885,14.555194492503496],[121.09775756082553,14.555196755460074],[121.09775910958372,14.55501602417236]]],[[[121.09498280667127,14.554180090509892],[121.09572578723696,14.554095766286643],[121.09609378988122,14.554460248296106],[121.0960922398294,14.554640979416842],[121.09655302002217,14.555006215766362],[121.09655147028343,14.555186946927066],[121.09692180024311,14.555280331197249],[121.09692102551118,14.555370696795364],[121.09729213058444,14.555373714918094],[121.09729367974114,14.555192983682073],[121.09682979879007,14.555189210985695],[121.09664579611031,14.555006970479543],[121.09664734575223,14.554826239306138],[121.09600256415727,14.554278762277981],[121.09591211364015,14.554006910685011],[121.09544901079582,14.553912770020325],[121.09544823554057,14.554003135551206],[121.09507713315718,14.554000114783037],[121.09498280667127,14.554180090509892]]],[[[121.09826995774047,14.555472036531878],[121.09821834521715,14.555561988983943],[121.09821745395382,14.55566601570398],[121.09826995774047,14.555472036531878]]],[[[121.0981232460233,14.55583233184182],[121.09812259826793,14.555907931563059],[121.09814720397208,14.555832526587196],[121.0981232460233,14.55583233184182]]],[[[121.09534072835751,14.555719325269099],[121.09561673145905,14.555992687424144],[121.09580305958531,14.55590383212174],[121.09580383480173,14.555813466586773],[121.09561828204812,14.555811956374463],[121.09561983261588,14.555631225321761],[121.09534072835751,14.555719325269099]]],[[[121.08559690639329,14.55591091668552],[121.08578167884104,14.556002799856813],[121.08578245814131,14.555912434852534],[121.08559690639329,14.55591091668552]]],[[[121.09808838069019,14.556012792328108],[121.09802814656051,14.556102674627045],[121.0980275156134,14.556176307549826],[121.09808838069019,14.556012792328108]]],[[[121.08559612701762,14.55600128167994],[121.085132247553,14.555997485594894],[121.08522658248292,14.555817514935097],[121.08550490993547,14.555819792556655],[121.08559924448826,14.555639821697728],[121.08513536577789,14.555636025711003],[121.0851377043902,14.555364930790358],[121.08504492877742,14.555364171497551],[121.08494981433141,14.555634507059132],[121.08504259005194,14.555635266403453],[121.08503869206875,14.556087091231937],[121.08485314025582,14.556085572457409],[121.08485236056768,14.556175937411062],[121.08540823682995,14.556270858305496],[121.08540901629719,14.556180493323154],[121.08559456825002,14.55618201166665],[121.08559612701762,14.55600128167994]],[[121.08540901629719,14.556180493323154],[121.08531701982844,14.556089369118084],[121.0854097957591,14.556090128340013],[121.08540901629719,14.556180493323154]]],[[[121.09801892049393,14.55619297157039],[121.09793382120445,14.556282651695849],[121.09793316495836,14.556359232258895],[121.09801892049393,14.55619297157039]]],[[[121.09589118482326,14.556446780401586],[121.09598473665052,14.55635716990976],[121.095891960034,14.556356414866087],[121.09589118482326,14.556446780401586]]],[[[121.09783700360553,14.556753420690303],[121.09792608394686,14.55637296073272],[121.09774594445882,14.556552240024132],[121.09783700360553,14.556753420690303]]],[[[121.09783595979188,14.556875217878904],[121.0978356235078,14.556914456884726],[121.09784675571132,14.55691454739446],[121.09783595979188,14.556875217878904]]],[[[121.0978716182311,14.557005121467856],[121.09783407460094,14.557095188151301],[121.09789648076668,14.557095695540276],[121.0978716182311,14.557005121467856]]],[[[121.09783097672334,14.557456650675569],[121.0979191071543,14.557999598799807],[121.09814257178598,14.558182159481667],[121.09794311077924,14.557367190451718],[121.09783097672334,14.557456650675569]]],[[[121.09782292509348,14.558812164034816],[121.09818071600026,14.558598497000084],[121.09823002800016,14.5584505610001],[121.09819483078924,14.558306276230546],[121.098193567536,14.558453689873705],[121.09782292509348,14.558812164034816]]],[[[121.09763380344421,14.558810626118355],[121.09771414800002,14.558867817999985],[121.09781935892204,14.5588121350365],[121.09763380344421,14.558810626118355]]],[[[121.0972691418448,14.559169147860072],[121.09763285969353,14.558920719488597],[121.09763302880599,14.558900991726773],[121.09744747327399,14.558899482651864],[121.0972691418448,14.559169147860072]]],[[[121.09725953440108,14.559175947020151],[121.09670137620222,14.559345272669209],[121.09642071700856,14.559614104445338],[121.09641916664987,14.559794835521132],[121.09725953440108,14.559175947020151]]],[[[121.08388168958072,14.561138409895555],[121.08397524786636,14.561048805075192],[121.08388246994156,14.561048045031697],[121.08388168958072,14.561138409895555]]],[[[121.09714619668338,14.561572744235072],[121.09632328764114,14.56015554259876],[121.09641839146258,14.559885201057874],[121.09632561334831,14.559884446007363],[121.09622895884543,14.560335518544196],[121.09641374022647,14.56042739426314],[121.09650341779255,14.56078961144792],[121.09668819966946,14.56088148700628],[121.09696033498774,14.561606676205194],[121.09714619668338,14.561572744235072]]],[[[121.09733036495024,14.561736284102587],[121.09723789665463,14.561699306319174],[121.09714589272998,14.561608185940553],[121.09714434274015,14.561788917062177],[121.09733036495024,14.561736284102587]]],[[[121.09742190473025,14.56188154699328],[121.0973299006547,14.561790426670083],[121.09732912572728,14.56188079223951],[121.09742190473025,14.56188154699328]]],[[[121.0976070036398,14.56193660178636],[121.09753184199195,14.561882441281124],[121.09742190473025,14.56188154699328],[121.09742112983518,14.561971912566793],[121.0976070036398,14.56193660178636]]],[[[121.09760591310777,14.562063787556365],[121.097791471302,14.562065296826141],[121.0979334595635,14.562156823512371],[121.09765868814252,14.561973844938745],[121.09760591310777,14.562063787556365]]],[[[121.0979735921358,14.562467768498752],[121.09801743372047,14.562428622141574],[121.09797393076829,14.56242826835],[121.0979735921358,14.562467768498752]]],[[[121.09788037676846,14.56251787938104],[121.09788009061833,14.562551255821852],[121.09791713607437,14.562518178346249],[121.09788037676846,14.56251787938104]]],[[[121.09778682269322,14.56260749036483],[121.09778658902742,14.562634743534062],[121.09781683834815,14.562607734497455],[121.09778682269322,14.56260749036483]]],[[[121.09769326854249,14.562697101301367],[121.09769308736634,14.56271823127274],[121.09771654054174,14.562697290595104],[121.09769326854249,14.562697101301367]]],[[[121.09759971431625,14.562786712190654],[121.09759958563482,14.562801719037974],[121.09761624265512,14.562786846639284],[121.09759971431625,14.562786712190654]]],[[[121.09750616001452,14.56287632303269],[121.09741268492259,14.5629566885885],[121.09751594468848,14.562876402629996],[121.09750616001452,14.56287632303269]]],[[[121.09731982618162,14.562965179015173],[121.09731933670383,14.563022252784084],[121.09739967222669,14.56296582860924],[121.09731982618162,14.562965179015173]]],[[[121.09722627169657,14.563054789720962],[121.0972259884316,14.563087816990148],[121.09727247675555,14.563055165650027],[121.09722627169657,14.563054789720962]]],[[[121.09685297873071,14.563305320162243],[121.09714528118619,14.56314450260848],[121.09694715811082,14.56314289047814],[121.09685297873071,14.563305320162243]]],[[[121.09676004863384,14.56332211148693],[121.09675981149438,14.563349753453867],[121.09681680265986,14.563322573363067],[121.09676004863384,14.56332211148693]]],[[[121.09657371418028,14.56341096678969],[121.0965733569027,14.563452608194325],[121.09664534381842,14.563411549784675],[121.09657371418028,14.56341096678969]]],[[[121.09648011448766,14.563505790576823],[121.0963873795919,14.563499821925117],[121.09638687203524,14.563558972424282],[121.09648011448766,14.563505790576823]]],[[[121.09629362953858,14.563612154548231],[121.09620104486852,14.563588676893122],[121.0962003870016,14.563665336469676],[121.09629362953858,14.563612154548231]]],[[[121.08571151983213,14.56413564722073],[121.0858970784677,14.564137166135058],[121.08589785817564,14.564046801187356],[121.08571229961557,14.564045282282798],[121.08571151983213,14.56413564722073]]],[[[121.08645297501621,14.564232086972293],[121.08635941609579,14.564321692719915],[121.08645219552393,14.564322451947973],[121.08645297501621,14.564232086972293]]],[[[121.08700809293417,14.564417371548863],[121.0867305338405,14.564324729411613],[121.08672975445612,14.564415094401326],[121.08700809293417,14.564417371548863]]],[[[121.09598596100011,14.564392751000064],[121.09592037911611,14.563857507251718],[121.09582759936839,14.563856751802415],[121.09573326823714,14.56403672725438],[121.0955484843899,14.563944850693531],[121.0952678174403,14.564213680110125],[121.09489669802706,14.56421065698482],[121.09489592197431,14.564301022407253],[121.0947111383525,14.564209145201676],[121.09461603000933,14.56447948547602],[121.09517193378879,14.56457438612798],[121.0952662656314,14.564394410993273],[121.09573016539551,14.564398189121661],[121.09573094111393,14.564307823655973],[121.09598596100011,14.564392751000064]]],[[[121.0963026605523,14.565125824861944],[121.09637342146338,14.56512640093047],[121.09637354080152,14.565112494976127],[121.0963026605523,14.565125824861944]]],[[[121.09581829116806,14.564941137445295],[121.09553995059827,14.564938870700814],[121.09553762308835,14.565209967050983],[121.0956304033861,14.565210722683872],[121.0956319549893,14.5650299917747],[121.09581673972659,14.565121868375428],[121.09581829116806,14.564941137445295]]],[[[121.09581596399786,14.565212233839429],[121.09572240791746,14.565301843738307],[121.09581518826371,14.565302599302541],[121.09581596399786,14.565212233839429]]],[[[121.0872778603686,14.565413663527824],[121.08718430117922,14.565503269577071],[121.08727708114631,14.565504028538143],[121.0872778603686,14.565413663527824]]],[[[121.08773474859959,14.566230743044404],[121.08764274741816,14.566139619203842],[121.08764196830387,14.566229984227839],[121.08773474859959,14.566230743044404]]],[[[121.08773474859959,14.566230743044404],[121.08782674985659,14.566321866857255],[121.0878275289008,14.56623150182411],[121.08773474859959,14.566230743044404]]],[[[121.09581829116806,14.564941137445295],[121.09609663178598,14.564943403858841],[121.09609352933454,14.565304865774795],[121.09590719291366,14.565393720297468],[121.0958097579755,14.56593515752461],[121.0957169773651,14.565934401926093],[121.09571542573065,14.566115132830202],[121.09552986437475,14.566113621503405],[121.09552676073982,14.56647508326375],[121.09524686621714,14.566653546785489],[121.09524531411975,14.566834277629024],[121.09552443295749,14.56674617957626],[121.09561643799654,14.56683730073319],[121.09571464990537,14.566205498281235],[121.09589943560296,14.566297374930812],[121.09590021135806,14.566207009470808],[121.09627210992636,14.566119665928365],[121.09627055872346,14.566300396888252],[121.09645534478173,14.566392273134952],[121.0964568958444,14.566211542157124],[121.09654967661075,14.566212297476131],[121.09645922239818,14.565940445684653],[121.09671892693997,14.566032931599402],[121.09669854275114,14.565852022040957],[121.09645999790548,14.56585008019232],[121.09646154890402,14.565669349205521],[121.09668835066228,14.565761567261557],[121.09663739027269,14.565309293363047],[121.09637031942209,14.565487862899182],[121.0963718704534,14.565307131916203],[121.09627909007509,14.565306376572504],[121.09631161600007,14.564858149000024],[121.09600843699354,14.564408415997452],[121.09609740738549,14.564853038378054],[121.0958190668808,14.564850771979074],[121.09581829116806,14.564941137445295]],[[121.09636954389845,14.565578228389562],[121.09636876836947,14.565668593879053],[121.09618320731629,14.565667083115805],[121.09618398292075,14.565576717635995],[121.09636954389845,14.565578228389562]],[[121.0963664417504,14.56593969034353],[121.09627288551981,14.566029300447312],[121.09627366110794,14.565938934965548],[121.0963664417504,14.56593969034353]]],[[[121.08837720126789,14.567049339267388],[121.0884707607692,14.566959732772364],[121.08837798012851,14.566958974210706],[121.08837720126789,14.567049339267388]]],[[[121.08846920311812,14.567140462894788],[121.08846686660127,14.567411558072916],[121.08855964743593,14.567412316622317],[121.08856198383963,14.567141221429534],[121.08846920311812,14.567140462894788]]],[[[121.09374606200095,14.568539120708355],[121.09402440679571,14.568541390135312],[121.09402518343936,14.568451024791571],[121.09384039702678,14.568359146552066],[121.09355972199353,14.568627972891743],[121.09374528523882,14.56862948603673],[121.09374606200095,14.568539120708355]]],[[[121.09170331311944,14.568703198572628],[121.0916097539329,14.568792806418926],[121.09170253551594,14.568793563791758],[121.09170331311944,14.568703198572628]]],[[[121.0885471858019,14.568858157538642],[121.08873196987322,14.568950039745019],[121.08882630892936,14.568770068135404],[121.0885471858019,14.568858157538642]]],[[[121.09169864741845,14.569245389876482],[121.09216255635816,14.569249176311558],[121.09216333379956,14.569158811071645],[121.09197777028318,14.56915729661775],[121.09197932530098,14.568976566155154],[121.09179453953341,14.568884686351122],[121.09169864741845,14.569245389876482]]],[[[121.09216333379956,14.569158811071645],[121.09253446089662,14.56916183953819],[121.09281125191596,14.569344841049734],[121.09290558807929,14.569164867416404],[121.09309115170278,14.569166381134888],[121.0930934828624,14.568895285263714],[121.09281358344747,14.569073745227055],[121.09216488866646,14.56897808058951],[121.09216333379956,14.569158811071645]]],[[[121.0875219143124,14.569392000579882],[121.08789381997991,14.569304671446623],[121.08771371150512,14.56867059854746],[121.0873418068996,14.568757927519247],[121.08742991208364,14.569300876529532],[121.0875219143124,14.569392000579882]]],[[[121.09494290751556,14.569633337156382],[121.09503646592341,14.569543727860843],[121.09494368384576,14.569542971772673],[121.09494290751556,14.569633337156382]]],[[[121.09169786978289,14.56933575509126],[121.09160819863443,14.568973536845284],[121.09151541698114,14.568972779425824],[121.09151308388005,14.56924387504511],[121.09132752036305,14.569242360066568],[121.09123318295859,14.569422332901869],[121.09151075073082,14.569514970657735],[121.09150763979025,14.569876431464088],[121.09169242618417,14.569968311573742],[121.09178754115314,14.56969797332782],[121.09160275492123,14.56960609331409],[121.09160508797328,14.56933499768903],[121.09169786978289,14.56933575509126]]],[[[121.0949398021412,14.56999479868438],[121.09503180808841,14.570085920182105],[121.0950325844076,14.569995554797064],[121.0949398021412,14.56999479868438]]],[[[121.08984145621159,14.569410965175909],[121.09030536499337,14.569414755337249],[121.09030614320056,14.569324390196634],[121.09002779802867,14.569322116224956],[121.08993812969476,14.568959897669895],[121.08947500048404,14.568865741795687],[121.08947266490742,14.56913683709363],[121.08900797820809,14.569223410424534],[121.08909920243936,14.569404899005676],[121.08900642074192,14.569404140568896],[121.08900174821494,14.569946330984394],[121.08983522885092,14.570133886077183],[121.08984145621159,14.569410965175909]]],[[[121.09846370903797,14.570236086446684],[121.09846320723697,14.57029460180813],[121.09851001778547,14.57029498258807],[121.09846370903797,14.570236086446684]]],[[[121.08825637668298,14.570301722036358],[121.0883499377687,14.570212115786294],[121.08825715577434,14.570211357011207],[121.08825637668298,14.570301722036358]]],[[[121.09122462647879,14.570416349937663],[121.09150219543808,14.570508987847006],[121.09150297321868,14.57041862265168],[121.09122462647879,14.570416349937663]]],[[[121.09484391426915,14.570355504031482],[121.09484236143165,14.570536234775364],[121.0949351439193,14.570536990954128],[121.0949366966813,14.570356260200477],[121.09484391426915,14.570355504031482]]],[[[121.09855549702904,14.570352823718622],[121.09855444001315,14.570476087674198],[121.09872456258402,14.570567843317193],[121.09855549702904,14.570352823718622]]],[[[121.0987390732915,14.570586298185937],[121.09873845566867,14.570658328195893],[121.09879607763044,14.570658796862599],[121.0987390732915,14.570586298185937]]],[[[121.09883086156297,14.570703035381491],[121.09883046360974,14.570749448415174],[121.09886759273353,14.57074975039264],[121.09883086156297,14.570703035381491]]],[[[121.08825326026385,14.57066318212977],[121.08843804559267,14.57075506472366],[121.08843882463536,14.57066469969229],[121.08825326026385,14.57066318212977]]],[[[121.09465446694955,14.570805818388397],[121.09474802601501,14.57071620929101],[121.09465524346253,14.570715453028846],[121.09465446694955,14.570805818388397]]],[[[121.09892264992789,14.570819772551467],[121.09892247162634,14.570840568606656],[121.09893910789336,14.570840703907137],[121.09892264992789,14.570819772551467]]],[[[121.09465369043131,14.570896183747237],[121.09456013124728,14.570985792791777],[121.09465291390758,14.570986549105367],[121.09465369043131,14.570896183747237]]],[[[121.08815736143018,14.571023883355458],[121.08825092289311,14.570934277192169],[121.08815814060219,14.570933518341054],[121.08815736143018,14.571023883355458]]],[[[121.09910638346685,14.571034988740337],[121.09910571316934,14.571113174498205],[121.09917672080103,14.571113751939588],[121.09910638346685,14.571034988740337]]],[[[121.08973699732249,14.57076568361094],[121.08964110076025,14.571126385731024],[121.08973388321255,14.57112714400358],[121.08973699732249,14.57076568361094]]],[[[121.09122307068561,14.570597080298295],[121.09103828404291,14.570505199781945],[121.09104061793519,14.570234104267286],[121.09076304956868,14.570141465872641],[121.09076538373647,14.569870370393065],[121.09067260175384,14.569869612593731],[121.09067415791446,14.569688882280172],[121.09095250365186,14.569691155538553],[121.0908612777222,14.569509667486411],[121.09104684141212,14.569511182862058],[121.09114195686746,14.569240844940943],[121.09039814676578,14.569415513259152],[121.0903934776366,14.569957704115986],[121.09057981977664,14.569868854757626],[121.09048470329714,14.570139192320095],[121.0906702674728,14.570140708058563],[121.09066793314364,14.570411803516734],[121.09048236874139,14.570410287748867],[121.0904815905454,14.570500652890281],[121.09085194147202,14.570594049458805],[121.09085116341636,14.570684414618427],[121.09048003413741,14.570681383170978],[121.09047847770793,14.570862113448744],[121.09084882921731,14.570955510092674],[121.09084727305775,14.571136240405167],[121.09094005557968,14.571136998199616],[121.09103750606808,14.570595564952136],[121.09122307068561,14.570597080298295]]],[[[121.09103361611385,14.571047390791634],[121.09131118572088,14.57114002900953],[121.09131196361454,14.571049663829125],[121.09149675082364,14.571141544193864],[121.09149752864171,14.571051179003689],[121.09390987594318,14.571070862885414],[121.09391065277423,14.570980497567163],[121.09159108893837,14.570961571339911],[121.09149908426187,14.570870448621118],[121.09149830645445,14.570960813812714],[121.09103361611385,14.571047390791634]]],[[[121.08926997100478,14.571123352273183],[121.08917640981186,14.57121295888367],[121.08926919227508,14.571213717344964],[121.08926997100478,14.571123352273183]]],[[[121.09780597704288,14.571192972930245],[121.09799076771347,14.571284848497577],[121.09799154289384,14.57119448296572],[121.09780597704288,14.571192972930245]]],[[[121.08750554693775,14.571289665269003],[121.08741432351366,14.57110817615753],[121.08731998214489,14.571288146902326],[121.08750554693775,14.571289665269003]]],[[[121.08750554693775,14.571289665269003],[121.08759754992228,14.571380789379216],[121.08759832934227,14.57129042439723],[121.08750554693775,14.571289665269003]]],[[[121.0883413678839,14.571206131076906],[121.08824858547423,14.571205372247817],[121.08824702716812,14.571386102281245],[121.08833980965329,14.571386861120192],[121.0883413678839,14.571206131076906]]],[[[121.0901034562902,14.571310906956967],[121.08982510865859,14.571308632440925],[121.0898243301448,14.571398997540683],[121.09010267788965,14.57140127207138],[121.0901034562902,14.571310906956967]]],[[[121.08833903052994,14.571477226140725],[121.08824546884061,14.57156683231183],[121.08833825140127,14.57156759116046],[121.08833903052994,14.571477226140725]]],[[[121.08908051207962,14.57157366062619],[121.08917407347735,14.571484054079917],[121.08908129090622,14.57148329556711],[121.08908051207962,14.57157366062619]]],[[[121.08954520381563,14.571487087763355],[121.08973232612546,14.571307874195458],[121.08926763479968,14.571394447486306],[121.08945086386655,14.571667059554159],[121.08954364653458,14.571667817929654],[121.08954520381563,14.571487087763355]]],[[[121.09724462664347,14.571730634886446],[121.09733818523218,14.571641024678659],[121.09724540215264,14.571640269397488],[121.09724462664347,14.571730634886446]]],[[[121.08852225841623,14.571749838804546],[121.08833747226718,14.571657956179482],[121.08833669312776,14.571748321197795],[121.08852225841623,14.571749838804546]]],[[[121.08796556261521,14.571745285543045],[121.08787200066689,14.571834891530475],[121.08796478331939,14.571835650541018],[121.08796556261521,14.571745285543045]]],[[[121.08870860271453,14.571660991226185],[121.08889416797031,14.571662508528824],[121.08889494687783,14.571572143480402],[121.0886165991154,14.571569867485987],[121.08861426203704,14.571840962584979],[121.08870704473243,14.571841721301357],[121.08870860271453,14.571660991226185]]],[[[121.0991982905836,14.571137905600171],[121.09928818047638,14.5714761458931],[121.09965621489515,14.571840625987118],[121.0998270794079,14.571842015099055],[121.0991982905836,14.571137905600171]]],[[[121.09149597300014,14.571231909383329],[121.0914913059469,14.571774100504395],[121.09176887668636,14.571866738306891],[121.0917727653712,14.571414912304679],[121.09149597300014,14.571231909383329]]],[[[121.08944930648849,14.571847789707846],[121.08963409335963,14.571939671527154],[121.08963565059734,14.571758941355437],[121.08944930648849,14.571847789707846]]],[[[121.08972609756265,14.572030794933486],[121.0898196589492,14.571941188123692],[121.08972687615174,14.571940429843853],[121.08972609756265,14.572030794933486]]],[[[121.08573566050185,14.572088518772883],[121.08573722093284,14.571907789016478],[121.08583078366934,14.571818183993521],[121.08564521861659,14.571816664243862],[121.0856428778649,14.572087758864924],[121.08573566050185,14.572088518772883]]],[[[121.09733585880201,14.571912121158235],[121.09733430782195,14.572092852140948],[121.09742709109564,14.572093607409773],[121.0974286420002,14.57191287641729],[121.09733585880201,14.571912121158235]]],[[[121.08879671155564,14.572203940141968],[121.08861348300012,14.571931327616525],[121.08851836301632,14.572201663934123],[121.08879671155564,14.572203940141968]]],[[[121.09306861467765,14.571786974214227],[121.09260392277669,14.571873554175383],[121.09250958494918,14.572053527477866],[121.09232479650525,14.57196164777784],[121.09232324143629,14.572142378230932],[121.0929719454309,14.572238043537276],[121.09288071696461,14.572056555982869],[121.09306861467765,14.571786974214227]]],[[[121.08703305858825,14.572279883513648],[121.08722096303767,14.572010307341952],[121.08694339472035,14.571917664345388],[121.08694651355435,14.571556204568257],[121.08676016882342,14.571645050666202],[121.08685061208918,14.571916904925395],[121.0863866990134,14.571913107273602],[121.08638825889425,14.571732377445432],[121.08657382395738,14.571733896596815],[121.08657460381427,14.57164353167176],[121.08620347386048,14.571640493241542],[121.08620659383827,14.571279033612647],[121.08602102919569,14.571277514216128],[121.08602180925224,14.57118714931692],[121.08555711768311,14.571273715081343],[121.0855563374324,14.571364079955238],[121.08509320630472,14.571269915027116],[121.08499886308526,14.571449884594099],[121.08471973551097,14.571537968808599],[121.08471895490428,14.571628333636042],[121.08490451969865,14.571629854101662],[121.08499808259724,14.571540249437085],[121.0852740885754,14.571813624303207],[121.08527642973182,14.571542529734547],[121.08555477691482,14.571544809700985],[121.08555321637574,14.571725539443623],[121.08564599885636,14.571726299368724],[121.08574034173033,14.571546329494698],[121.08601868899379,14.571548608909488],[121.0862026938526,14.571730858146879],[121.08620035379673,14.572001952858624],[121.08684983232945,14.572007269862883],[121.08703305858825,14.572279883513648]]],[[[121.08879593257281,14.572294305180264],[121.08898149836799,14.572295822478107],[121.08898227727532,14.572205457429952],[121.08879671155564,14.572203940141968],[121.08879593257281,14.572294305180264]]],[[[121.09315517999238,14.572510653319046],[121.09297116814733,14.572328408796196],[121.09278404715742,14.572507625157503],[121.09315517999238,14.572510653319046]]],[[[121.0971448633693,14.572543168887861],[121.09723842237828,14.572453558772356],[121.09714563896418,14.57245280341036],[121.0971448633693,14.572543168887861]]],[[[121.09176343230284,14.572499294679062],[121.091669871338,14.572588902330317],[121.0917626545123,14.572589659872168],[121.09176343230284,14.572499294679062]]],[[[121.09381320886351,14.571521932828322],[121.09380388569976,14.5726063164863],[121.09417579572964,14.572518977728652],[121.09399178293619,14.572336733907285],[121.09390599170767,14.571522689465386],[121.09381320886351,14.571521932828322]]],[[[121.10048352250938,14.57275107022614],[121.10057755711438,14.572605820505089],[121.09984164159457,14.571858457677287],[121.09983945808456,14.572113231490267],[121.1001162596179,14.572296225479917],[121.1002979550867,14.572749562010898],[121.10048352250938,14.57275107022614]]],[[[121.09306006497421,14.572780992116527],[121.09296650433382,14.572870600334351],[121.09305928769632,14.572871357375892],[121.09306006497421,14.572780992116527]]],[[[121.09138918799069,14.572857725000219],[121.09129562672376,14.572947332462203],[121.09138841002775,14.572948090170765],[121.09138918799069,14.572857725000219]]],[[[121.08841778860094,14.57310455527919],[121.08851135095863,14.573014949120786],[121.08841856778308,14.573014190267095],[121.08841778860094,14.57310455527919]]],[[[121.08786108943364,14.573100001355375],[121.08813865969242,14.57319264347948],[121.08813943899314,14.573102278482839],[121.08786108943364,14.573100001355375]]],[[[121.09203633789164,14.573134123508034],[121.09194277672225,14.57322373124482],[121.09203556017694,14.573224488710643],[121.09203633789164,14.573134123508034]]],[[[121.09240902672387,14.572956422537029],[121.09213067665155,14.572954150514814],[121.09212834363697,14.573225246139607],[121.09231391057301,14.573226760887135],[121.09240902672387,14.572956422537029]]],[[[121.08869458010336,14.573287561796064],[121.08878814245013,14.573197955523884],[121.08869535918292,14.573197196770735],[121.08869458010336,14.573287561796064]]],[[[121.09379922382914,14.573148508275544],[121.09379766982954,14.573329238866037],[121.09389045342891,14.573329995600979],[121.09389200735302,14.573149265000716],[121.09379922382914,14.573148508275544]]],[[[121.09389200735302,14.573149265000716],[121.09444793187579,14.573244169909447],[121.09444715513756,14.573334535238534],[121.09500385703876,14.573339073551814],[121.09501006898154,14.572616150663418],[121.09630981254286,14.572536368931175],[121.09631214033122,14.572265272628346],[121.09603379049169,14.572263005358064],[121.09603922260395,14.57163044739481],[121.09585365659962,14.571628935765855],[121.09604077458792,14.571449716541505],[121.09604232655056,14.571268985685357],[121.09659902378546,14.5712735195724],[121.09687582119196,14.571456516963597],[121.09724772864799,14.571369172925905],[121.09724617765639,14.57154990390773],[121.09733896069817,14.571550659184016],[121.0974332945859,14.571370683422256],[121.0977116435328,14.571372948890868],[121.09771241883175,14.571282583374554],[121.0969701553822,14.571276541428233],[121.09697170656831,14.571095810471277],[121.09752917902885,14.571009976584257],[121.09753460638893,14.570377418001499],[121.0979992944042,14.570290827607177],[121.09818640960833,14.57011160629774],[121.09843850296599,14.570204028980758],[121.09826511900013,14.569990275000109],[121.09671042221922,14.569105503765787],[121.09550503290197,14.569005315255765],[121.0952290158071,14.568731951307221],[121.09485788884487,14.568728927204031],[121.09485944146869,14.568548196430662],[121.09514011501166,14.568279368324308],[121.09505276683133,14.567646054527348],[121.09495998554645,14.567645298541763],[121.09515098096966,14.567014252591779],[121.09496541892305,14.567012740725946],[121.09468474699548,14.56728156881871],[121.09477364669917,14.56773415185003],[121.09486642801104,14.567734907913952],[121.09477054147163,14.568095613400764],[121.09495532815811,14.568187490926707],[121.09495377565261,14.568368221715708],[121.09467465454993,14.568456318799914],[121.09476976515137,14.568185978786694],[121.09439941567327,14.56809258869912],[121.09430508121365,14.568272563153837],[121.09458187294673,14.56845556262337],[121.09457954367929,14.56872665874048],[121.0943939802623,14.568725146247594],[121.09439320375367,14.568815511608744],[121.09476200165504,14.569089632604602],[121.09485167813612,14.56945185026802],[121.09503801849233,14.569362997081168],[121.09503957103993,14.569182266298562],[121.09550348075334,14.569186046090241],[121.09568671663953,14.569458654024956],[121.09568438855487,14.569729750293767],[121.09577717075085,14.569730506097542],[121.09577484273139,14.570001602374436],[121.0961451961554,14.5700949907242],[121.09604853418755,14.570546062230925],[121.09614131674465,14.570546817931582],[121.09613976494295,14.570727548809401],[121.09632533022413,14.570729060120033],[121.09641656127617,14.570910546624347],[121.09660367818596,14.570731326810069],[121.09678924352053,14.570732837752907],[121.096788467876,14.5708232032249],[121.09650779246331,14.5710920331085],[121.09623021995158,14.57099940080898],[121.0960431025239,14.571178620256084],[121.09446657198764,14.571075401789066],[121.09464126541137,14.572342029388139],[121.09435903208141,14.572791586767728],[121.09380310873469,14.572696681786343],[121.09389200735302,14.573149265000716]]],[[[121.08850823434916,14.573376409184444],[121.0885097926646,14.573195679154125],[121.08841700941356,14.573194920290664],[121.08841545102254,14.573375650311213],[121.08850823434916,14.573376409184444]]],[[[121.08869380101848,14.573377926820683],[121.08860179680374,14.57328680300126],[121.08860101768111,14.573377168020993],[121.08869380101848,14.573377926820683]]],[[[121.09425925740695,14.573604118126813],[121.09416725054028,14.573512996212],[121.09416647367283,14.57360336152421],[121.09425925740695,14.573604118126813]]],[[[121.09490874369516,14.573609413314568],[121.09463116907534,14.57351677883235],[121.09463039239671,14.573607144169074],[121.09490874369516,14.573609413314568]]],[[[121.09277549573714,14.573501642833318],[121.0924051389058,14.573408248647866],[121.09240436132612,14.573498613867883],[121.09258992852098,14.573500128424186],[121.0925883734966,14.573680858881453],[121.09268115717751,14.573681616114218],[121.09277549573714,14.573501642833318]]],[[[121.0943512643491,14.573695240013738],[121.09425925740695,14.573604118126813],[121.09425848057181,14.57369448344311],[121.0943512643491,14.573695240013738]]],[[[121.09370100095397,14.573780308533077],[121.09360744006631,14.573869916980762],[121.0937002238816,14.573870673818643],[121.09370100095397,14.573780308533077]]],[[[121.0928643923188,14.573954226193884],[121.09295795350889,14.573864618085306],[121.0928651697364,14.573863860953171],[121.0928643923188,14.573954226193884]]],[[[121.0933283114237,14.573958011511543],[121.0932363048585,14.573866889261176],[121.09323552759197,14.573957254521606],[121.0933283114237,14.573958011511543]]],[[[121.0928643923188,14.573954226193884],[121.09277083105313,14.57404383425521],[121.09286361489588,14.574044591433974],[121.0928643923188,14.573954226193884]]],[[[121.09750126276107,14.574263134438556],[121.0973156943956,14.574261623703197],[121.09731491876946,14.574351989175724],[121.09750048721043,14.574353499920853],[121.09750126276107,14.574263134438556]]],[[[121.09314041182071,14.574227593256825],[121.09313885716405,14.574408323761077],[121.09323164117919,14.574409080812298],[121.09323319576036,14.574228350298188],[121.09314041182071,14.574227593256825]]],[[[121.09750048721043,14.574353499920853],[121.0975917203972,14.574534986210406],[121.09759327143891,14.574354255238262],[121.09750048721043,14.574353499920853]]],[[[121.09295251173785,14.574497174789478],[121.09276694366937,14.574495660419782],[121.09285739531981,14.574767513327611],[121.09295017947005,14.574768270508773],[121.09295251173785,14.574497174789478]]],[[[121.0897019586427,14.574832112347345],[121.08988752665994,14.574833629184223],[121.08988830533963,14.574743264107557],[121.089702737398,14.574741747280626],[121.0897019586427,14.574832112347345]]],[[[121.09229991283333,14.57485333467222],[121.09220635094204,14.574942942427036],[121.09229913513028,14.57494369987554],[121.09229991283333,14.57485333467222]]],[[[121.09638164470849,14.574976991188002],[121.09628808420071,14.575066600771134],[121.09638086866188,14.575067356605818],[121.09638164470849,14.574976991188002]]],[[[121.09229680198904,14.575214795480882],[121.09192644268501,14.575121400226152],[121.0919256648148,14.575211765407623],[121.09229680198904,14.575214795480882]]],[[[121.0926679392489,14.575217824965634],[121.09276150110752,14.575128217019238],[121.09266871681695,14.575127459744994],[121.0926679392489,14.575217824965634]]],[[[121.08951171754997,14.575372785689886],[121.08960528059687,14.575283179172214],[121.0895124964129,14.57528242063729],[121.08951171754997,14.575372785689886]]],[[[121.09415248914418,14.575229937018328],[121.0941517121751,14.575320302316506],[121.09396614328783,14.575318788815181],[121.09405737369914,14.575500276168682],[121.09442928868506,14.575412937604746],[121.09443084240195,14.575232206979702],[121.0943372810838,14.575321815670748],[121.09415248914418,14.575229937018328]]],[[[121.09312875137388,14.5755830719669],[121.09322231324289,14.575493463834608],[121.09312952877443,14.575492706724678],[121.09312875137388,14.5755830719669]]],[[[121.09517001174476,14.57559971999519],[121.09526279636856,14.575600476300696],[121.09526434942687,14.575419745590477],[121.09517156487864,14.575418989294828],[121.09517001174476,14.57559971999519]]],[[[121.09414938123594,14.575591398206775],[121.09405581964803,14.575681006750116],[121.09414860424546,14.575681763501933],[121.09414938123594,14.575591398206775]]],[[[121.08848875359634,14.575635534315499],[121.08858075861043,14.575726658275254],[121.0885815378725,14.575636293274705],[121.08848875359634,14.575635534315499]]],[[[121.09145785309202,14.57565980276204],[121.09136429052081,14.575749410090975],[121.09145707500092,14.575750167914556],[121.09145785309202,14.57565980276204]]],[[[121.09461175050583,14.57577591202833],[121.0944269580698,14.57568403353676],[121.09442540429954,14.575864764154431],[121.09461175050583,14.57577591202833]]],[[[121.09052767348766,14.575923318227666],[121.09043644601496,14.575741829831266],[121.09025087717805,14.575740313337846],[121.090342104489,14.575921801788247],[121.09052767348766,14.575923318227666]]],[[[121.09183288053462,14.575211007797293],[121.09164731199037,14.57520949246641],[121.09164342199261,14.575661318289121],[121.09155063753961,14.575660560543966],[121.09164108792972,14.575932413773938],[121.09201222624837,14.575935444445474],[121.09201378199351,14.575754714083775],[121.09229213556206,14.57575698667176],[121.09238336465275,14.575938474528325],[121.09256893388694,14.575939989349038],[121.0924808153051,14.575397040716318],[121.09183054677868,14.57548210332261],[121.09183288053462,14.575211007797293]],[[121.09182976884932,14.575572468496265],[121.09192099748135,14.575753956480906],[121.09182821297452,14.575753198841177],[121.09182976884932,14.575572468496265]]],[[[121.0947053119422,14.575686303240474],[121.09479576636696,14.575958155718958],[121.09507412064339,14.575960425025123],[121.09489088121727,14.57568781619237],[121.0947053119422,14.575686303240474]]],[[[121.09804323591712,14.575984610356105],[121.09804478675187,14.575803879358737],[121.09785921703822,14.575802368898714],[121.0979504509821,14.575983855134709],[121.09804323591712,14.575984610356105]]],[[[121.08848563636488,14.575996994293625],[121.08857920007028,14.575907388274132],[121.08848641568078,14.57590662930027],[121.08848563636488,14.575996994293625]]],[[[121.0971262474897,14.57471194012717],[121.09684711860534,14.574800038898648],[121.09693602388572,14.575252621733412],[121.09674890292513,14.575431841318629],[121.09610018678264,14.575336185196317],[121.09610096295847,14.575245819795377],[121.09572904858051,14.575333161136648],[121.09573060122909,14.575152430373226],[121.09591617016834,14.575153942457018],[121.09591772264444,14.574973211671125],[121.09619529974476,14.57506584489959],[121.09619685198363,14.574885114082878],[121.09601128323891,14.574883602249109],[121.09601205942585,14.574793236849413],[121.09564092215152,14.5747902127599],[121.09564014581349,14.574880578140057],[121.0951770006788,14.574786431820339],[121.09498987891708,14.574965649878155],[121.09498832568558,14.575146380566348],[121.09470997244486,14.575144111281766],[121.09470841896538,14.57532484193763],[121.09489398793819,14.575326354850358],[121.0948947646051,14.575235989513011],[121.0955434795115,14.575331648886145],[121.0955395974189,14.575783475732926],[121.09526201983141,14.575690841654563],[121.09526046674095,14.575871572360342],[121.09553882098434,14.575873841100027],[121.09572283777256,14.576056084160847],[121.0959091837615,14.575967230957296],[121.09591151261186,14.57569613479711],[121.09563393491707,14.575603501154752],[121.09563548767322,14.575422770405453],[121.09637776442244,14.575428818269529],[121.09656022964032,14.575791791558643],[121.09683780808889,14.575884424174177],[121.09702648104944,14.575524473667443],[121.09795432821778,14.575532027660163],[121.09804788835733,14.575442417355031],[121.09758629158318,14.575167544589771],[121.09758396486863,14.575438641026892],[121.09730561083938,14.575436374788584],[121.09712159303946,14.575254132870583],[121.09712547176133,14.574802305586196],[121.09721825615732,14.574803061075201],[121.0971262474897,14.57471194012717]],[[121.09563781676738,14.575151674276086],[121.09563704040805,14.575242039653311],[121.09545147142529,14.575240527338948],[121.09545224786012,14.575150161971493],[121.09563781676738,14.575151674276086]]],[[[121.09535169844723,14.576053059356173],[121.09535014538965,14.576233790065771],[121.09544293028851,14.576234546331932],[121.09544448327053,14.576053815612564],[121.09535169844723,14.576053059356173]]],[[[121.09766976946354,14.576252685681954],[121.0978553395336,14.576254196337821],[121.09785689055148,14.576073465364434],[121.0976713206325,14.576071954728018],[121.09766976946354,14.576252685681954]]],[[[121.09729319907053,14.576882222107255],[121.0971996379817,14.576971831988992],[121.09729242328957,14.576972587558377],[121.09729319907053,14.576882222107255]]],[[[121.09060800219783,14.577369918003278],[121.09051599565136,14.577278794670043],[121.09051521708615,14.577369159760298],[121.09060800219783,14.577369918003278]]],[[[121.09246292778029,14.5774754403282],[121.09255649078182,14.577385832606158],[121.09246370555769,14.577385075135805],[121.09246292778029,14.5774754403282]]],[[[121.09265471977405,14.57675403360362],[121.09255882396845,14.577114737009875],[121.09274361655821,14.577206617019964],[121.09274206124633,14.577387347436375],[121.09264849830964,14.577476955241817],[121.09292374373645,14.577840688196417],[121.09292607654986,14.57756959255244],[121.09311164720825,14.577571107107943],[121.09320598750098,14.577391133867987],[121.0930204169831,14.577389619405743],[121.0930219720684,14.577208888960023],[121.0928364017229,14.577207374370147],[121.09274594948602,14.576935521389842],[121.09293151959409,14.57693703602395],[121.09293229715043,14.576846670802599],[121.09265471977405,14.57675403360362]]],[[[121.10516683209698,14.578482530225276],[121.10535163225829,14.57857440101714],[121.10535240484305,14.578484035154524],[121.10516683209698,14.578482530225276]]],[[[121.1046070224062,14.578839477845005],[121.10469903602532,14.578930596393889],[121.1046998088958,14.57884023056831],[121.1046070224062,14.578839477845005]]],[[[121.09216590104526,14.579641931725504],[121.09216901308957,14.579280471081066],[121.09189065511717,14.579278197809717],[121.09179553465854,14.579548535404605],[121.09216590104526,14.579641931725504]]],[[[121.10441449239676,14.579651264560987],[121.10450805220431,14.579561651591586],[121.10441526542311,14.579560898755837],[121.10441449239676,14.579651264560987]]],[[[121.09485825548457,14.579483159570614],[121.09504227426389,14.579665403410278],[121.0950446047914,14.579394307472935],[121.09485825548457,14.579483159570614]]],[[[121.08937920229262,14.579980643564792],[121.08928563693769,14.58007024970561],[121.08937842311323,14.580071008574045],[121.08937920229262,14.579980643564792]]],[[[121.1036660112151,14.580368166614086],[121.10375879829384,14.580368919788054],[121.10376034495539,14.58018818825698],[121.10366755795224,14.580187435092693],[121.1036660112151,14.580368166614086]]],[[[121.10431474776598,14.580463803852837],[121.10440830799399,14.58037419097554],[121.10431552087805,14.580373438059233],[121.10431474776598,14.580463803852837]]],[[[121.09252926671384,14.580548614072306],[121.09299708813597,14.580100575737962],[121.09299942123734,14.579829480134574],[121.0928138487007,14.579827965260836],[121.09253315626768,14.580096788203942],[121.09252926671384,14.580548614072306]]],[[[121.08909460940363,14.580701286799567],[121.08890981596699,14.580609403756881],[121.0889090365612,14.58069976873647],[121.08909460940363,14.580701286799567]]],[[[121.09150705830623,14.580721008224149],[121.09187898280925,14.580633674944874],[121.09196943486879,14.580905528234087],[121.09215500821587,14.580907043887823],[121.09225090709032,14.580546341036857],[121.09215889863248,14.580455218132169],[121.09178697449157,14.58054255190838],[121.0917893091468,14.580271456507141],[121.09141894197636,14.580178059485114],[121.09150705830623,14.580721008224149]]],[[[121.09169263144868,14.580722524226317],[121.09159750991253,14.58099286160449],[121.09169029659984,14.580993619601799],[121.09169263144868,14.580722524226317]]],[[[121.09233980356059,14.580998924553121],[121.09299008854289,14.58091386250807],[121.09299086629693,14.580823497314341],[121.09354758652898,14.580828041375646],[121.09354836405085,14.58073767615181],[121.09401152020277,14.58083182708135],[121.09410586153858,14.580651853604962],[121.09345713247326,14.580556188465064],[121.09345635492421,14.580646553685526],[121.09289963517764,14.580642009462128],[121.09280529292897,14.580821982332779],[121.09252693291731,14.580819709584478],[121.09252848878697,14.58063897924383],[121.09243570220268,14.580638221597262],[121.0922477948975,14.580907801659535],[121.09233980356059,14.580998924553121]]],[[[121.09029927570812,14.58089188072572],[121.09030083340227,14.580711150621681],[121.09011681824431,14.58052890342799],[121.09021272008927,14.580168201786456],[121.08984079607413,14.580255532429529],[121.08984235407115,14.580074802364127],[121.08974956786878,14.580074043679723],[121.08983612195463,14.580797722607883],[121.08974333545002,14.580796963884222],[121.0897417772917,14.580977693927952],[121.09001935807443,14.58107033505339],[121.09029927570812,14.58089188072572]]],[[[121.08918661653506,14.580792410769536],[121.0891834992902,14.581153870736294],[121.0893690725427,14.581155388627707],[121.08937063102475,14.580974658626076],[121.08918661653506,14.580792410769536]]],[[[121.09224701683588,14.580998166813384],[121.09206066525994,14.581087016366698],[121.09224546069657,14.581178897118772],[121.09224701683588,14.580998166813384]]],[[[121.1074641110358,14.581121944220818],[121.10737055153459,14.581211558428251],[121.10746333916595,14.58121231017385],[121.1074641110358,14.581121944220818]]],[[[121.09205833080028,14.581358111792095],[121.09215189578617,14.581268504479148],[121.09205910895881,14.581267746651037],[121.09205833080028,14.581358111792095]]],[[[121.10699631277389,14.581570014785381],[121.10708910053528,14.581570766697691],[121.10709064461427,14.581390034835593],[121.10699785692856,14.581389282933053],[121.10699631277389,14.581570014785381]]],[[[121.08715077628952,14.580143150465972],[121.08705799020493,14.580142390709447],[121.08705642993026,14.580323120478909],[121.08714921609035,14.580323880245203],[121.08714765586977,14.580504610021503],[121.08742523460408,14.580597254031034],[121.08742367457793,14.58077798383238],[121.08723654165419,14.580957194213404],[121.08732932808962,14.580957953940441],[121.08732620777894,14.581319413508762],[121.08751022093166,14.581501662691174],[121.08741587412538,14.581681632794794],[121.08778624122752,14.581775036257003],[121.08778936088983,14.581413576605282],[121.08797493420813,14.581415095630188],[121.08797571403474,14.581324730705578],[121.08862444099134,14.58142041105802],[121.08881235284959,14.581150834511956],[121.08899792605919,14.58115235269771],[121.0890010436063,14.58079089277021],[121.08872112526385,14.580969345431036],[121.08853633181059,14.580877462086281],[121.08872736109348,14.580246425670005],[121.08844978203685,14.580153783193381],[121.08826265043045,14.58033299457103],[121.08807785771128,14.58024111094641],[121.08807863743033,14.580150746007234],[121.08826420972288,14.580152264673938],[121.08817454224544,14.579790045575578],[121.0884521207085,14.579882688312704],[121.08863847228808,14.579793841684072],[121.0886376928172,14.579884206655578],[121.08910240246485,14.579797636872502],[121.08910396101281,14.579616906878332],[121.08873359657991,14.579523505861722],[121.08873593479895,14.579252410921448],[121.08901351293729,14.579345052941726],[121.08929264969909,14.579256964639828],[121.08938387725624,14.57943845349364],[121.08975502095397,14.579441488462006],[121.0897542419579,14.579531853495329],[121.08956867002274,14.579530336075006],[121.08956633277565,14.579801431141046],[121.08947354670278,14.579800672360896],[121.0895647745841,14.579982161181402],[121.08993591923148,14.57998519597302],[121.09003026322037,14.579805224489526],[121.0904014076726,14.579808258505942],[121.09040218642025,14.579717893440556],[121.09049419379903,14.57980901691812],[121.09058775860302,14.579719410218104],[121.09142283369025,14.579726233895816],[121.09151484154357,14.57981735702246],[121.09170197036242,14.579638142657956],[121.09161385363642,14.579095193939349],[121.09179864728596,14.579187074835662],[121.09198499724381,14.579098225296558],[121.0919865533635,14.57891749498664],[121.0915234024862,14.578823340615408],[121.09152573717633,14.578552245216123],[121.09134250073741,14.578279633925426],[121.09134405728982,14.578098903670664],[121.0919015481846,14.578013085667028],[121.09190310425143,14.577832355349116],[121.09153274095762,14.577738958978479],[121.09153429729454,14.577558228695384],[121.09171908970214,14.577650109506344],[121.09171986779235,14.577559744354627],[121.09246214999766,14.577565805519974],[121.0921853499172,14.57738280250421],[121.09227891297282,14.57729319490154],[121.09218846142629,14.577021341785965],[121.09246992758361,14.576662153570084],[121.09265471977405,14.57675403360362],[121.09265627508664,14.576573303186677],[121.09284184488182,14.576574817855157],[121.09293307470142,14.576756305580538],[121.09330499207414,14.57666896912567],[121.09348900737643,14.576851213792494],[121.09348823004676,14.576941579043154],[121.09330265987447,14.576940064850561],[121.09330032762665,14.57721116056888],[121.09339311282342,14.577211917698172],[121.09339155804037,14.57739264818306],[121.09366913660317,14.57748528463588],[121.09357090985918,14.578117084339546],[121.09366291812081,14.578208206657592],[121.0934750146236,14.578477788191755],[121.09282473692836,14.578562852494468],[121.09281929294558,14.579195408895771],[121.09291130125126,14.579286531518907],[121.09281851521241,14.579285774092963],[121.09281695972992,14.579466504485215],[121.0930025319642,14.579468019319872],[121.09300019892707,14.579739114932053],[121.0932801127956,14.579560656515387],[121.0936504801292,14.579654050559352],[121.09392961616118,14.579565956538918],[121.09411363414283,14.579748201024998],[121.09420175717383,14.58029114954643],[121.09429454370864,14.580291906474194],[121.094391993067,14.579750471720274],[121.09457756570994,14.579751985333065],[121.09448788767331,14.579389767414206],[121.09467423700758,14.579300915619928],[121.09476624620828,14.579392037609171],[121.09476857702774,14.57912094170922],[121.09449021883275,14.579118671558309],[121.09449177291228,14.57893794098398],[121.09421263784166,14.579026035804041],[121.09412062902945,14.578934913640005],[121.09421574641142,14.578664574708231],[121.0940293975081,14.578753426183653],[121.09403095192273,14.5785726956524],[121.09365980875126,14.57856966765073],[121.09366136344673,14.578388937155626],[121.09412606919742,14.578302356743631],[121.09412684634287,14.57821199146979],[121.09486757808442,14.578398775881105],[121.09496347107441,14.578038071175534],[121.09524260466559,14.577949975263724],[121.095432058816,14.57749966128473],[121.09534004999446,14.577408539606083],[121.09478256093412,14.577494366169983],[121.09478333776703,14.577404000855196],[121.09459776706733,14.577402487643951],[121.09450731253219,14.577130635078426],[121.09432096508537,14.577219486968271],[121.09404338646972,14.577126851295716],[121.0940449406919,14.576946120737908],[121.09488078378352,14.576862565472357],[121.0948815605413,14.576772200147534],[121.09506635406206,14.57686407840427],[121.0951599158537,14.57677446947546],[121.09515836255959,14.576955200153705],[121.09553027985174,14.57686786008999],[121.09553338579293,14.57650639864939],[121.09497745246645,14.576411495300832],[121.09497589906398,14.576592225965399],[121.09469754401022,14.576589956446071],[121.0946063127078,14.57640846924063],[121.09423439603371,14.576495807885212],[121.09395759544451,14.57631280693926],[121.09405504261449,14.575771372039767],[121.09386947336021,14.575769858415963],[121.09377902016558,14.575498005721741],[121.09387180467145,14.575498762574188],[121.09387491301152,14.575137301441519],[121.09406048173706,14.575138814996844],[121.09406514363361,14.574596623217015],[121.0944355034241,14.574690015086897],[121.09434038862575,14.57496035443425],[121.09443239609735,14.575051476351728],[121.09461874157569,14.574962624130947],[121.09462184857887,14.574601162824017],[121.09471463275513,14.574601919296413],[121.09471851619998,14.574150092621672],[121.09434815710645,14.574056701291536],[121.09434893392515,14.573966335973196],[121.0945345017222,14.573967849033451],[121.09444404813162,14.573695996547595],[121.09425615003462,14.573965579387913],[121.09388501452608,14.573962552678719],[121.0938873455165,14.573691456792712],[121.0940729130335,14.573692970191452],[121.09407446684934,14.5735122395776],[121.09379611580844,14.5735099694536],[121.09369245286409,14.574774326633708],[121.09378523706245,14.574775083483757],[121.0937836828703,14.574955814047694],[121.09369012145453,14.57504542246376],[121.09313419306552,14.574950515256155],[121.09313341569704,14.57504088050273],[121.09285506289055,14.57503860902559],[121.0928542854034,14.575128974256799],[121.09313263832323,14.575131245748594],[121.09313030616964,14.575402341481745],[121.09331587503632,14.575403855655065],[121.09340555031793,14.57576607371248],[121.09359189674119,14.57567722243903],[121.09359034229102,14.575857952968683],[121.09377591158882,14.575859466823058],[121.09367924090714,14.576310536249846],[121.09247303846823,14.576300692769504],[121.09238258692322,14.576028839727648],[121.09219701763483,14.576027324749994],[121.09219546200872,14.576208055126791],[121.09200989259067,14.576206539982426],[121.09201144836786,14.576025809625168],[121.0913611779516,14.576110870674128],[121.09136273424696,14.575930140384017],[121.09108438061232,14.575927866662983],[121.0911794997813,14.57565752919546],[121.09099470920886,14.575565648171782],[121.09108982827047,14.575295310727263],[121.09136818111186,14.575297584345357],[121.09137129348835,14.574936123735647],[121.0910929411001,14.574933850176262],[121.09109449748286,14.574753119896364],[121.09118805967694,14.57466351263049],[121.09128006558525,14.574754635619733],[121.09193033195552,14.574669574307695],[121.09192955411213,14.574759939492896],[121.09211512231089,14.574761454554128],[121.09211667784126,14.574580724163475],[121.09202389381475,14.574579966661059],[121.0920254493993,14.574399236277245],[121.09183832577781,14.574578451545825],[121.09156075174633,14.57448581343007],[121.09165820327193,14.573944380064372],[121.09156541953656,14.573943622412298],[121.0915669754239,14.57376289206712],[121.09138140812024,14.573761376672287],[121.09138296413715,14.573580646343807],[121.09110383532936,14.573668738154808],[121.09073347927189,14.573575341371612],[121.09073192272625,14.573756071631436],[121.09036078833316,14.573753039370239],[121.09008477319814,14.573479669500209],[121.09045512869571,14.573573067260313],[121.09054946889091,14.573393095090879],[121.09184921547745,14.573313338934355],[121.09185154884801,14.573042243356014],[121.09175876547955,14.573041485826419],[121.09175720982901,14.573222216203039],[121.09147885952923,14.57321994336441],[121.09120284342521,14.572946574716958],[121.0909237154047,14.573034666405569],[121.09111161627919,14.57276508662245],[121.09157631029775,14.57267850993432],[121.09129951667381,14.572495506626701],[121.09130107261639,14.572314776287385],[121.09157864389577,14.57240741438449],[121.09158175528496,14.57204595364102],[121.09139541150154,14.572134803609469],[121.09139696732572,14.571954073254432],[121.09121140155399,14.57195255790836],[121.09120906758321,14.572223653410497],[121.09074203988989,14.572581324889331],[121.0904636905599,14.572579050939769],[121.09055803022194,14.572399078700258],[121.09074359629626,14.572400594610233],[121.09074515268124,14.572219864328204],[121.09037324251528,14.572307197522125],[121.0903755775217,14.572036102154549],[121.08991166323844,14.572032311466252],[121.08990854913054,14.572393771856849],[121.08944385549684,14.572480345222214],[121.08944541294984,14.572299615078919],[121.08925984710102,14.57229809814896],[121.08925673187144,14.572659558393362],[121.08907116574204,14.572658041276974],[121.08907038684572,14.572748406326461],[121.0892559530507,14.57274992345262],[121.08925050115513,14.57338247884664],[121.08990076348579,14.573297422781515],[121.08999121117574,14.573569276339136],[121.08952651502868,14.573655849564968],[121.0893425057041,14.573473602447216],[121.08887858869458,14.573469809343607],[121.08861924416696,14.573919545422207],[121.08878190996592,14.573920875745525],[121.08878035179126,14.574101605793519],[121.08868678901328,14.574191212009389],[121.08849100688452,14.574099239352588],[121.08772166575933,14.575177401572205],[121.08774881835375,14.575358366444089],[121.08784160247369,14.575359125682894],[121.08783926381322,14.57563022057112],[121.08821118020771,14.575542892235624],[121.08820962138681,14.575723622198176],[121.08830240568466,14.575724381272579],[121.08830318506006,14.575634016286774],[121.08848875359634,14.575635534315499],[121.08839908662222,14.575273315349211],[121.08830630250787,14.575272556336092],[121.08830708185646,14.575182191346556],[121.08849265001498,14.575183709326254],[121.08840376240651,14.574731125371585],[121.08868133493121,14.57482376711475],[121.08867899738709,14.575094862148816],[121.08932770699393,14.575190538413683],[121.08932848592161,14.575100173369435],[121.08951405412259,14.575101690529966],[121.08951639064699,14.574830595363473],[121.08979630007826,14.57465214064003],[121.08979785748633,14.574471410492915],[121.09044734462027,14.574476718383131],[121.090448123052,14.574386353274225],[121.09063369077718,14.57438786947339],[121.09063524747337,14.57420713923364],[121.09091282064271,14.574299778362096],[121.09091671174961,14.573847952679984],[121.09119584083808,14.573759861130196],[121.09119195032439,14.57421168688958],[121.09100482629195,14.574390901430387],[121.09100249166079,14.57466199684335],[121.09063213405967,14.574568599710211],[121.09063135569279,14.574658964827556],[121.08998108931853,14.57474402246591],[121.08998031067667,14.574834387547373],[121.09025866275867,14.574836662416377],[121.09025944128729,14.574746297320171],[121.09053779330428,14.574748571843319],[121.09053623646838,14.574929302064419],[121.09035066830062,14.574927785732825],[121.09034755426225,14.575289246126975],[121.08997641738671,14.575286212943848],[121.09006530836263,14.575738796697344],[121.09015809276758,14.57573955503598],[121.09016120721522,14.575378094695832],[121.09053234428474,14.575381127604246],[121.0908091404588,14.575564132139416],[121.09080758375302,14.575744862376592],[121.09062045799512,14.57592407639222],[121.09052767348766,14.575923318227666],[121.09052611651248,14.576104048429581],[121.09080524865433,14.576015957726938],[121.09080057831217,14.576558148407557],[121.09070779352965,14.57655739028235],[121.09070545817293,14.576828485598057],[121.0904278820885,14.576735845867592],[121.09042632494139,14.576916576046415],[121.09079357243745,14.577371434378747],[121.09060800219783,14.577369918003278],[121.09060488803432,14.577731378376466],[121.09041776024897,14.577910591977137],[121.09013940428189,14.57790831682889],[121.09004895531304,14.577636463186447],[121.09051365993956,14.577549889938588],[121.0904224319797,14.577368401480548],[121.09023686178298,14.577366884810647],[121.09033354002919,14.576915817754408],[121.08949769710134,14.576999356509699],[121.08922167963024,14.576725985328896],[121.08875697659819,14.576812556159844],[121.08875853509454,14.576631826156081],[121.08857374501078,14.576539943246978],[121.08838583751863,14.576809520141563],[121.08884820293925,14.576994045083023],[121.08893865021327,14.577265898993783],[121.08856751033532,14.5772628631717],[121.08847238717416,14.577533199069013],[121.088194031998,14.577530921661594],[121.08819169340468,14.577802016555594],[121.08800690269955,14.577710133116426],[121.08800924150346,14.577439038249693],[121.08745253158706,14.577434482029314],[121.08745097193652,14.577615211882353],[121.08717261682415,14.577612933246051],[121.08717183687746,14.577703298156628],[121.0864303367605,14.57760685526349],[121.0863352109007,14.577877189947372],[121.08642799599781,14.577877949875493],[121.08642643546256,14.578058679613068],[121.08624008477123,14.578147524558247],[121.08623852405266,14.578328254271753],[121.08651609965666,14.578420899000264],[121.08651375886235,14.578691993607027],[121.08679289537892,14.578603908309926],[121.0866985495635,14.57878387824497],[121.08688412056162,14.578785397868241],[121.08688334043188,14.57887576275466],[121.08669776935827,14.57887424312144],[121.08669620893154,14.579054972872338],[121.08697066518278,14.57950907673414],[121.08687631902265,14.579689046698494],[121.08696910490758,14.579689806504046],[121.08696676445459,14.57996090115353],[121.08715077628952,14.580143150465972]],[[121.08854568626886,14.57979308253595],[121.08845367979602,14.579701958388611],[121.08854646577217,14.579702717568619],[121.08854568626886,14.57979308253595]],[[121.09003104211918,14.579714859443769],[121.0898446910264,14.579803707260517],[121.08984624896978,14.579622977187832],[121.09003104211918,14.579714859443769]],[[121.09284184488182,14.576574817855157],[121.09293618485196,14.576394844685012],[121.09312097707411,14.576486724347912],[121.09312175452811,14.57639635911315],[121.09340010908255,14.576398630479446],[121.09339855439568,14.576579360977657],[121.09284184488182,14.576574817855157]],[[121.09348823004676,14.576941579043154],[121.09376658534522,14.576943850056043],[121.09376503089646,14.57712458058463],[121.09348589802552,14.577212674790783],[121.09348823004676,14.576941579043154]],[[121.09462184857887,14.574601162824017],[121.09443628024235,14.574599649768825],[121.09443783386297,14.574418919130459],[121.0946234020484,14.57442043216611],[121.09462184857887,14.574601162824017]],[[121.09359189674119,14.57567722243903],[121.09368545849118,14.575587614104055],[121.09368468131188,14.575677979374788],[121.09359189674119,14.57567722243903]],[[121.08715155638106,14.580052785575202],[121.08715467669352,14.579691326004838],[121.08743225445598,14.579783969888425],[121.0874330344127,14.57969360497998],[121.08771139218011,14.57969588362392],[121.08770905263395,14.579966978391177],[121.08752192068145,14.580146189124097],[121.08715155638106,14.580052785575202]],[[121.08798897026588,14.57978852687459],[121.08789540451092,14.579878132401145],[121.08789618428413,14.579787767468897],[121.08798897026588,14.57978852687459]],[[121.0883507588813,14.580875943561953],[121.08834997923269,14.580966308509833],[121.0881644062493,14.580964789828474],[121.08816518597351,14.580874424890364],[121.0883507588813,14.580875943561953]],[[121.08808877329004,14.578976001731778],[121.08817844046408,14.579338220829694],[121.08789696405194,14.57969740253585],[121.08789930332321,14.579426307732533],[121.08799208915379,14.579427067118598],[121.08790242227639,14.579064847984444],[121.08808877329004,14.578976001731778]],[[121.0879032020013,14.578974483045535],[121.08790398172087,14.578884118105915],[121.08771841052913,14.578882599282359],[121.0877199701032,14.578701869420527],[121.08799910633786,14.578613782624537],[121.08808955293402,14.578885636782388],[121.0879032020013,14.578974483045535]],[[121.08715545675824,14.579600961110426],[121.08706579125663,14.57923874181791],[121.08725136267549,14.579240261195956],[121.0873418084739,14.579512115549207],[121.08715545675824,14.579600961110426]],[[121.08975891585392,14.578989663284379],[121.0896653511033,14.57907926965417],[121.08966613011039,14.578988904622001],[121.08975891585392,14.578989663284379]],[[121.09013161650205,14.57881196745042],[121.09022284465215,14.578993456044262],[121.0901300588818,14.578992697565916],[121.09013161650205,14.57881196745042]],[[121.08901818858259,14.57880286295735],[121.08901974708809,14.578622132956696],[121.08920531820327,14.578623650720566],[121.08911097421306,14.578803621867529],[121.08901818858259,14.57880286295735]],[[121.0901331741009,14.578631237332083],[121.09013239530414,14.578721602391607],[121.08994682400616,14.578720085353911],[121.08994760287851,14.578629720304157],[121.0901331741009,14.578631237332083]],[[121.09041230965263,14.578543147522947],[121.09041153097462,14.578633512597925],[121.09022595972009,14.5786319957908],[121.09022673847367,14.578541630725592],[121.09041230965263,14.578543147522947]],[[121.09059865945018,14.578454299087582],[121.09050509525015,14.578543905866379],[121.09050587388509,14.578453540785805],[121.09059865945018,14.578454299087582]],[[121.09059865945018,14.578454299087582],[121.09078656612903,14.578184720290164],[121.09115770803245,14.57818775277616],[121.09115537295321,14.578458848125528],[121.09059865945018,14.578454299087582]],[[121.08976358955712,14.578447473046872],[121.08985481727531,14.57862896173495],[121.08976203167752,14.578628203128972],[121.08976358955712,14.578447473046872]],[[121.08957879753606,14.578355590711798],[121.08957646049804,14.578626685806704],[121.08948367491624,14.578625927090325],[121.08939322660464,14.578354073271758],[121.08957879753606,14.578355590711798]],[[121.0876310836212,14.578249285320464],[121.08763030382586,14.578339650250491],[121.08744473311968,14.578338131264932],[121.08744551299061,14.578247766344763],[121.0876310836212,14.578249285320464]],[[121.08874606652347,14.578077666103404],[121.08865250184765,14.57816727207085],[121.08865328121666,14.578076907085311],[121.08874606652347,14.578077666103404]],[[121.08921778426684,14.577177810451634],[121.08921700517804,14.577268175474032],[121.08903143519616,14.577266657857333],[121.08903221436046,14.577176292844793],[121.08921778426684,14.577177810451634]],[[121.0914399556412,14.577738201083843],[121.09088246541415,14.577824018049554],[121.09088402229065,14.577643287836537],[121.09106959278908,14.577644804020693],[121.09098069944591,14.577192220376887],[121.0911670478674,14.577103371312514],[121.09125749813025,14.577375224673759],[121.09116393467477,14.57746483181218],[121.09134950505418,14.577466347755994],[121.0914399556412,14.577738201083843]],[[121.09153818804324,14.577106402974547],[121.09135261794458,14.577104887217072],[121.0913533961538,14.577014522080542],[121.09153974430521,14.57692567268106],[121.09153818804324,14.577106402974547]],[[121.09219079500194,14.576750246239598],[121.0921892392902,14.576930976604583],[121.09200366926774,14.576929461381791],[121.09200522513056,14.576748731036435],[121.09219079500194,14.576750246239598]],[[121.09144851564494,14.57674418454392],[121.09144773748953,14.576834549687554],[121.09126216762827,14.576833033885936],[121.09126294585917,14.576742668752072],[121.09144851564494,14.57674418454392]],[[121.09228435775566,14.576660638597492],[121.09228591335975,14.576479908218207],[121.09247226075513,14.576391057970692],[121.09247070531278,14.576571788371027],[121.09228435775566,14.576660638597492]],[[121.09145007193968,14.576563454254252],[121.09135650893717,14.576653061526876],[121.09135728711966,14.576562696386528],[121.09145007193968,14.576563454254252]],[[121.09182121127316,14.576566485357265],[121.09172764840042,14.5766560927966],[121.09172842643176,14.576565727636712],[121.09182121127316,14.576566485357265]],[[121.09098926117386,14.576198204057675],[121.09089569818184,14.576287811144404],[121.09089647653175,14.576197446025638],[121.09098926117386,14.576198204057675]],[[121.09098926117386,14.576198204057675],[121.09099081778213,14.576017473808243],[121.09117638693132,14.576018989742465],[121.09117483047423,14.576199720011527],[121.09098926117386,14.576198204057675]],[[121.09072024795123,14.57511154848655],[121.09062668537949,14.575201155515813],[121.09062746377845,14.575110790402999],[121.09072024795123,14.57511154848655]],[[121.0913775179843,14.57421320248061],[121.09146952381676,14.574304325385299],[121.09137673994107,14.574303567640055],[121.0913775179843,14.57421320248061]],[[121.09128473415169,14.57421244470348],[121.09128629029765,14.574031714392142],[121.09137907405469,14.574032472159502],[121.0913775179843,14.57421320248061],[121.09128473415169,14.57421244470348]],[[121.08915226536311,14.57401427559125],[121.08896669811149,14.574012758254149],[121.08896747712062,14.573922393219938],[121.08915382322495,14.5738335455024],[121.08915226536311,14.57401427559125]],[[121.09026566932324,14.57402337652379],[121.09017366414857,14.573932253217112],[121.09026644780364,14.573933011421012],[121.09026566932324,14.57402337652379]],[[121.09026489083753,14.574113741625947],[121.09045201512977,14.573934527718322],[121.09045045831473,14.574115257942886],[121.09026489083753,14.574113741625947]],[[121.08970585236521,14.574380287006026],[121.08970740981671,14.574199556864329],[121.0898929773052,14.574201073632462],[121.08979863618228,14.574381045418292],[121.08970585236521,14.574380287006026]],[[121.08933082267266,14.57482907823234],[121.08932926484395,14.575009808324477],[121.08886534462421,14.575006014803957],[121.08896046584559,14.574735678501192],[121.08868367242718,14.574552672074024],[121.08868523073099,14.574371942043172],[121.0891491495752,14.57437573575989],[121.08914603370152,14.574737195916718],[121.08933082267266,14.57482907823234]],[[121.08811995486576,14.57536140317842],[121.08802639125716,14.575451009023386],[121.08802717072973,14.575360644050015],[121.08811995486576,14.57536140317842]],[[121.09083015388954,14.573124273647906],[121.09064458720032,14.573122757733135],[121.09064536547608,14.573032392603267],[121.09083171028463,14.57294354336792],[121.09083015388954,14.573124273647906]],[[121.09027345388611,14.573119725462078],[121.09027501073436,14.57293899524089],[121.09046057722968,14.572940511430286],[121.0903662372066,14.573120483584976],[121.09027345388611,14.573119725462078]],[[121.08980953736385,14.573115934295675],[121.08962552816948,14.572933687419063],[121.08990387780801,14.572935962420495],[121.08980953736385,14.573115934295675]],[[121.09037090746057,14.57257829288304],[121.09027734596663,14.57266789990351],[121.09027812436665,14.572577534789541],[121.09037090746057,14.57257829288304]],[[121.09120673356409,14.572494748905882],[121.09111317240492,14.572584356307114],[121.09111395045969,14.572493991148292],[121.09120673356409,14.572494748905882]],[[121.09000288911668,14.572213799884057],[121.0900941151299,14.572395288281701],[121.09000133212756,14.57239453008766],[121.09000288911668,14.572213799884057]],[[121.09406902840044,14.574144796713426],[121.09415870470407,14.574507014605995],[121.0938803524009,14.574504744430925],[121.0938834605058,14.574143283265748],[121.09406902840044,14.574144796713426]],[[121.09395681833573,14.576403172218786],[121.09386325629495,14.57649278062819],[121.09386403344689,14.57640241535417],[121.09395681833573,14.576403172218786]],[[121.09403872367504,14.577669042951644],[121.09394516106299,14.577758651323833],[121.09394593825188,14.57766828605532],[121.09403872367504,14.577669042951644]],[[121.09328400054385,14.579108830410501],[121.09328244546059,14.579289560854711],[121.09309765096515,14.57919768104846],[121.09309842857965,14.579107315835813],[121.09328400054385,14.579108830410501]]],[[[121.08746890662226,14.575536818394195],[121.08746895199842,14.575531559461693],[121.08746522094683,14.575536788228638],[121.08746890662226,14.575536818394195]]],[[[121.08869380101848,14.573377926820683],[121.08878580605,14.573468964628107],[121.08878658436119,14.573378685583691],[121.08869380101848,14.573377926820683]]],[[[121.10718034427708,14.58175225044199],[121.10736514803276,14.581844120044938],[121.10745947973734,14.581664139928083],[121.10718034427708,14.58175225044199]]],[[[121.09121857815002,14.581893480205519],[121.09122013520629,14.58171275001968],[121.09103456128597,14.581711233541625],[121.09112579111162,14.581892721975063],[121.09121857815002,14.581893480205519]]],[[[121.10625169369567,14.581835095818505],[121.10615813342743,14.581924709439562],[121.10625092129212,14.581925461702525],[121.10625169369567,14.581835095818505]]],[[[121.10717957225677,14.581842616375305],[121.10708601231333,14.581932230413006],[121.10717880023113,14.581932982307908],[121.10717957225677,14.581842616375305]]],[[[121.0914953824464,14.582076484888216],[121.09158894797213,14.581986877870499],[121.09149616087457,14.581986119782417],[121.0914953824464,14.582076484888216]]],[[[121.10411293530564,14.582359979191448],[121.10439207231764,14.582271872589168],[121.10439516500819,14.581910409449748],[121.10420958949678,14.581908903414718],[121.10411293530564,14.582359979191448]]],[[[121.10763888063663,14.582388571003655],[121.10773475604522,14.582027858865363],[121.1076419680577,14.582027107186466],[121.10763888063663,14.582388571003655]]],[[[121.09084431524731,14.582251907347441],[121.09112345537379,14.582163817233571],[121.09112423395845,14.582073452148201],[121.09065951969538,14.582160025455924],[121.09065796213216,14.582340755575682],[121.0908427578245,14.58243263748523],[121.09084431524731,14.582251907347441]]],[[[121.1078236851262,14.58248044032576],[121.10773166877523,14.582389322702003],[121.10773089694455,14.582479688659387],[121.1078236851262,14.58248044032576]]],[[[121.10726618409056,14.582566295707409],[121.1073597442708,14.582476681625653],[121.10726695611558,14.58247592977516],[121.10726618409056,14.582566295707409]]],[[[121.09297531020133,14.582630801048566],[121.09297764375209,14.58235970550735],[121.09288485642307,14.582358947951732],[121.09288252275897,14.582630043478293],[121.09297531020133,14.582630801048566]]],[[[121.08722171869587,14.582674126964221],[121.08731528601545,14.582584521904671],[121.08722249889986,14.582583762089172],[121.08722171869587,14.582674126964221]]],[[[121.1040186006841,14.582539957582483],[121.10383225125746,14.582628816936491],[121.10383147782352,14.582719182687285],[121.10401705397263,14.58272068910441],[121.1040186006841,14.582539957582483]]],[[[121.09046927225403,14.582700698778481],[121.09037570599386,14.58279030525059],[121.0904684933673,14.582791063824416],[121.09046927225403,14.582700698778481]]],[[[121.09065484694138,14.582702215806052],[121.09056128074614,14.58279182236156],[121.09065406813023,14.582792580861756],[121.09065484694138,14.582702215806052]]],[[[121.10726386798362,14.582837393499801],[121.10735665628998,14.582838145369745],[121.107358200291,14.58265741349912],[121.10726541206022,14.582656661638946],[121.10726386798362,14.582837393499801]]],[[[121.08527162770424,14.582838891774461],[121.08545642100384,14.582930777723444],[121.085457201942,14.582840412944051],[121.08527162770424,14.582838891774461]]],[[[121.08601470549013,14.58275461075976],[121.08582913126348,14.58275309004172],[121.08573478251412,14.582933059216483],[121.08601314407274,14.58293534037832],[121.08601470549013,14.58275461075976]]],[[[121.0867554417986,14.582941421856841],[121.08675778300965,14.58267032731003],[121.08647942166225,14.582668047075806],[121.08647786063352,14.582848776744992],[121.0867554417986,14.582941421856841]]],[[[121.0884271723898,14.582774366696736],[121.08824237767773,14.58268248296438],[121.0882408180851,14.582863212820083],[121.0884256129375,14.582955096570558],[121.0884271723898,14.582774366696736]]],[[[121.10689117041116,14.583015117471252],[121.1069847309368,14.582925503584097],[121.10689194261391,14.582924751562096],[121.10689117041116,14.583015117471252]]],[[[121.0880544636453,14.58295205877592],[121.0879608964125,14.58304166414651],[121.08805368376,14.583042423692092],[121.0880544636453,14.58295205877592]]],[[[121.08684744866179,14.5830325467284],[121.08675388096438,14.583122151551073],[121.0868466682798,14.58312291158009],[121.08684744866179,14.5830325467284]]],[[[121.09000144019764,14.58314873066536],[121.09037259024248,14.583151765407418],[121.09037414812892,14.58297103533047],[121.09009578581394,14.582968759358614],[121.09000144019764,14.58314873066536]]],[[[121.10744635668705,14.58320036095456],[121.10753991710398,14.583110746828574],[121.10744712867361,14.583109995017693],[121.10744635668705,14.58320036095456]]],[[[121.1067952930405,14.583375829017395],[121.10688885377104,14.583286215194278],[121.1067960653023,14.583285463116056],[121.1067952930405,14.583375829017395]]],[[[121.0852708466905,14.582929256544084],[121.08499248526077,14.582926974498953],[121.08508214798779,14.583289194249147],[121.08498857954476,14.583378798261979],[121.08526694154132,14.583381080380917],[121.08517493528218,14.583289954950516],[121.0852708466905,14.582929256544084]]],[[[121.08545251623258,14.583382601609483],[121.08638117059807,14.583299840718897],[121.08647551905015,14.58311987124322],[121.08610358921663,14.583207195128942],[121.08564043359745,14.583113028331915],[121.0856396527188,14.583203393118946],[121.08545407815721,14.583201872057359],[121.08545251623258,14.583382601609483]]],[[[121.10289818056484,14.583344208287894],[121.10317577168942,14.583436834775707],[121.10327010742775,14.583256856867042],[121.10289818056484,14.583344208287894]]],[[[121.10841923654274,14.583298614086857],[121.10837115511946,14.5835693413893],[121.10827718186096,14.583707310000946],[121.10836988300008,14.58365389400008],[121.10841923654274,14.583298614086857]]],[[[121.10818403436369,14.583748570288133],[121.1081840148576,14.583750854405384],[121.10818851082333,14.583748606546418],[121.10818403436369,14.583748570288133]]],[[[121.09055427086511,14.583605107785989],[121.09073984631905,14.583606624837984],[121.0907406251405,14.583516259783877],[121.09046226208105,14.583513984165517],[121.09036791645462,14.5836939556205],[121.09055271305488,14.583785837872174],[121.09055427086511,14.583605107785989]]],[[[121.09064550085472,14.583786596426371],[121.09073906749218,14.583696989891202],[121.09064627972475,14.583696231378749],[121.09064550085472,14.583786596426371]]],[[[121.10679143165187,14.583827658512991],[121.10670095992415,14.583555808688207],[121.10660817135266,14.583555056521789],[121.10642027692288,14.583824649715336],[121.10679143165187,14.583827658512991]]],[[[121.10716258646586,14.583830666721695],[121.10707056992933,14.583739548812567],[121.10706979775439,14.583829914724742],[121.10716258646586,14.583830666721695]]],[[[121.10604912227888,14.583821640328729],[121.1059555609974,14.583911253743107],[121.10604834968285,14.583912006186637],[121.10604912227888,14.583821640328729]]],[[[121.10716258646586,14.583830666721695],[121.10725460307788,14.583921784603024],[121.10725537518266,14.583831418681878],[121.10716258646586,14.583830666721695]]],[[[121.10813709557402,14.583838562308546],[121.1080897021079,14.583928550631473],[121.10815044350754,14.583929042645902],[121.10813709557402,14.583838562308546]]],[[[121.10549161764948,14.5839074909731],[121.10586199964025,14.584000867110323],[121.1058627723172,14.583910501262718],[121.10549161764948,14.5839074909731]]],[[[121.08980807318618,14.5840508631197],[121.0896232767633,14.583958980291065],[121.08962249746143,14.584049345282555],[121.08980807318618,14.5840508631197]]],[[[121.1081821024424,14.58397479058112],[121.1081809474462,14.584110034165807],[121.10827324297681,14.58416855760408],[121.1081821024424,14.58397479058112]]],[[[121.10493333969247,14.584083706031556],[121.10511814411312,14.58417557751833],[121.10511969008766,14.583994845903234],[121.10493333969247,14.584083706031556]]],[[[121.08906421134267,14.584225520809433],[121.08924978715429,14.584227039107986],[121.08925056661798,14.584136674137547],[121.08906577041598,14.58404479088756],[121.08906421134267,14.584225520809433]]],[[[121.08878662731829,14.58413287813972],[121.08860027190762,14.584221724418942],[121.08859949217393,14.584312089354299],[121.08878506800747,14.584313608030683],[121.08878662731829,14.58413287813972]]],[[[121.09110554644887,14.584242213994756],[121.0905488184355,14.58423766307476],[121.09055115522314,14.583966567955429],[121.09045836735305,14.583965809354602],[121.09045291450883,14.584598364588395],[121.09101042216425,14.584512550786286],[121.09110398901717,14.584422944129436],[121.09110554644887,14.584242213994756]]],[[[121.10548466200515,14.584720783399572],[121.10576302901842,14.584723041303302],[121.10576380177565,14.584632675466533],[121.10548620774114,14.584540051754455],[121.10548466200515,14.584720783399572]]],[[[121.10297858714259,14.58479081304663],[121.10288502431497,14.584880425024025],[121.10297781324067,14.584881178735962],[121.10297858714259,14.58479081304663]]],[[[121.09164281088891,14.586505890795607],[121.0918283888905,14.586507407277658],[121.09182994596364,14.586326677098569],[121.0916443681134,14.586325160636147],[121.09164281088891,14.586505890795607]]],[[[121.10826524728958,14.585104811391734],[121.10826293198403,14.585375909282448],[121.10798301995634,14.585554386152975],[121.10798070423095,14.585825483988977],[121.10816396788213,14.586098085281982],[121.10834954732773,14.586099588598387],[121.10834800375481,14.586280320519815],[121.10816242415797,14.58627881718396],[121.10806809054655,14.586458797350108],[121.10847783136552,14.586552488784807],[121.10840279800013,14.586134932000014],[121.10820723100002,14.585650816000104],[121.10834089500007,14.585402811000101],[121.10826524728958,14.585104811391734]]],[[[121.09247635549896,14.58669344404969],[121.09238434470566,14.586602320957862],[121.09238356638248,14.586692686075029],[121.09247635549896,14.58669344404969]]],[[[121.10843616294187,14.586823267908109],[121.10843614677259,14.586825161122405],[121.10843726642727,14.586823276846559],[121.10843616294187,14.586823267908109]]],[[[121.09080926805203,14.586318334732749],[121.09089660443016,14.586951648584598],[121.09108218272405,14.586953165704717],[121.09090283583294,14.586228728272008],[121.09080926805203,14.586318334732749]]],[[[121.09451616249233,14.586890840634723],[121.09460817437551,14.586981963004728],[121.0946089518074,14.586891597772365],[121.09451616249233,14.586890840634723]]],[[[121.09107906719657,14.587314625882506],[121.09117263535485,14.587225019358705],[121.09107984608642,14.587224260839147],[121.09107906719657,14.587314625882506]]],[[[121.09117029878242,14.587496114501128],[121.09126386699461,14.587406507946952],[121.09117107764526,14.587405749454483],[121.09117029878242,14.587496114501128]]],[[[121.1085231926908,14.587498489359216],[121.10852200703344,14.58763731317033],[121.10860002809284,14.587637945151553],[121.1085231926908,14.587498489359216]]],[[[121.10768689381575,14.587630547006167],[121.10759333130832,14.587720160935689],[121.10768612167713,14.587720912920652],[121.10768689381575,14.587630547006167]]],[[[121.10861408219081,14.58772181117137],[121.108642718,14.587715426999956],[121.1086145729831,14.587664344020066],[121.10861408219081,14.58772181117137]]],[[[121.09033285689786,14.587760381371115],[121.09042486716349,14.587851505219138],[121.09042564635016,14.587761140214592],[121.09033285689786,14.587760381371115]]],[[[121.10360335047682,14.587687790748092],[121.103693819292,14.587959641428192],[121.1036961406171,14.58768854431641],[121.10360335047682,14.587687790748092]]],[[[121.10749899650035,14.587900140721342],[121.1075913687915,14.587949826638233],[121.10759178693942,14.587900892752845],[121.10749899650035,14.587900140721342]]],[[[121.10712649861094,14.58805346085775],[121.10741203821242,14.587989808081101],[121.10712706241559,14.587987498110131],[121.10712649861094,14.58805346085775]]],[[[121.10694070905787,14.588076359504996],[121.10694055042573,14.588094916869352],[121.10702090650734,14.58807700967629],[121.10694070905787,14.588076359504996]]],[[[121.09051531918021,14.588123359054848],[121.09060888792168,14.588033752832139],[121.0905160983452,14.588032994047548],[121.09051531918021,14.588123359054848]]],[[[121.09125607850352,14.588310158430282],[121.09144165797441,14.588311675402874],[121.09144321556421,14.58813094529253],[121.09125763624465,14.588129428339567],[121.09125607850352,14.588310158430282]]],[[[121.10034639700172,14.588745778961929],[121.10016159146755,14.588653903508906],[121.10016081620263,14.588744269020246],[121.10034639700172,14.588745778961929]]],[[[121.09097147725153,14.589030802911171],[121.0911578362491,14.588941955148869],[121.09115939414069,14.588761225078226],[121.09143776390614,14.588763500665856],[121.09134731054944,14.588491647032562],[121.09078979270119,14.588577460411631],[121.0907874554341,14.58884855546204],[121.09097147725153,14.589030802911171]]],[[[121.092272095002,14.588860690534542],[121.09246156705996,14.588410381227188],[121.09218475456721,14.588227376726213],[121.0921863115414,14.588046646536021],[121.09172314192541,14.587952490303078],[121.0916256800067,14.588493922355159],[121.09181048100919,14.588585804124907],[121.09180892366827,14.588766534267048],[121.09162256502242,14.588855382600272],[121.09162100749809,14.589036112718432],[121.092272095002,14.588860690534542]]],[[[121.091156278336,14.58912268521658],[121.09134107958782,14.58921456739347],[121.09134185847668,14.589124202350998],[121.091156278336,14.58912268521658]]],[[[121.10006259854224,14.58937607251901],[121.10015616450077,14.589286462073012],[121.10034174575362,14.589287972073226],[121.10034407140165,14.589016875520908],[121.10025128088603,14.589016120553797],[121.10024973038372,14.589196851579675],[121.1000641492171,14.589195341515602],[121.10006259854224,14.58937607251901]]],[[[121.10052577672036,14.58947021297675],[121.10043298600498,14.589469458058932],[121.10043143560064,14.58965018909689],[121.1005242263916,14.589650944024477],[121.10052577672036,14.58947021297675]]],[[[121.10219368704887,14.589754892033078],[121.1023792689143,14.58975640046166],[121.10238081774115,14.589575669220398],[121.10219523602706,14.589574160811267],[121.10219368704887,14.589754892033078]]],[[[121.0993148438368,14.590002588927184],[121.09968755843393,14.589824879307987],[121.0993163951913,14.58982185801215],[121.0993148438368,14.590002588927184]]],[[[121.0939283146795,14.590500904383283],[121.0940211054749,14.59050166193757],[121.09401954972417,14.590682392283725],[121.09429792236946,14.590684664755003],[121.09430025564713,14.590413569190606],[121.0939298704844,14.590320174043967],[121.0939283146795,14.590500904383283]]],[[[121.0948546678042,14.590689208703065],[121.09476109930422,14.590778816681613],[121.09485389026119,14.590779573919086],[121.0948546678042,14.590689208703065]]],[[[121.09141984946777,14.590841896637716],[121.09160698881597,14.590662683648734],[121.09179257029584,14.590664200581447],[121.09179334908141,14.590573835526275],[121.09142296522573,14.590480436496698],[121.09141984946777,14.590841896637716]]],[[[121.09457473974444,14.590867667296656],[121.0946683083525,14.590778059407281],[121.09457551740628,14.59077730209609],[121.09457473974444,14.590867667296656]]],[[[121.09438838004948,14.5909565177441],[121.09448194876572,14.59086690994381],[121.09438915779232,14.590866152554103],[121.09438838004948,14.5909565177441]]],[[[121.09392442507352,14.590952730218696],[121.09429481125765,14.59104612549714],[121.09429558904357,14.590955760312738],[121.09392442507352,14.590952730218696]]],[[[121.09503480727447,14.591323279622745],[121.09494279361715,14.591232157213128],[121.09494201607991,14.591322522429593],[121.09503480727447,14.591323279622745]]],[[[121.09503402976965,14.591413644843385],[121.09521961225042,14.591415159128971],[121.09522038967955,14.59132479389865],[121.09503480727447,14.591323279622745],[121.09503402976965,14.591413644843385]]],[[[121.09540908146691,14.590964847059116],[121.09549954063782,14.591236699790464],[121.09540674945437,14.591235942786316],[121.09540519475257,14.591416673267386],[121.09559077727614,14.591418187258363],[121.0957779142203,14.591238970581841],[121.09559466361229,14.590966361001243],[121.09540908146691,14.590964847059116]]],[[[121.09522194452194,14.59114406343561],[121.09559621810935,14.590785630493261],[121.09559777258511,14.59060489998226],[121.09587614538947,14.590607170560563],[121.09596738216173,14.59078865789639],[121.09633854629956,14.59079168471039],[121.09642589889654,14.591424998394817],[121.09688907878547,14.591519146388041],[121.09698342359451,14.5913391721718],[121.09716900622404,14.591340684900853],[121.09717133609713,14.59106958889734],[121.09754483033772,14.590801517785987],[121.09754793609135,14.590440056350626],[121.09773584706087,14.590170472426376],[121.09792142879255,14.590171984439113],[121.09773429437801,14.590351203169547],[121.09782475636595,14.590623055327843],[121.09828793556886,14.590717200418943],[121.09837917447346,14.590898687054707],[121.0986583240967,14.590810588946788],[121.09866220400643,14.5903587618578],[121.09875499499866,14.590359517524085],[121.09866685972216,14.589816569326661],[121.09838848745825,14.589814302194757],[121.09820445821627,14.589632059788435],[121.09885476881702,14.589546984258881],[121.0989460078546,14.589728470688055],[121.0993179465245,14.589641127094186],[121.09931872218306,14.589550761634094],[121.09894755947956,14.589547739807571],[121.09894833528404,14.589457374366308],[121.09959864534105,14.58937229666569],[121.09960097191251,14.589101200232655],[121.09941539089618,14.589099689662763],[121.09941694206843,14.588918958723216],[121.09932415164384,14.58891820339284],[121.0994192687868,14.588647862308388],[121.10034794737506,14.588565047918909],[121.10053197782211,14.588747288756263],[121.10052810217351,14.589199116399563],[121.10080647401128,14.58920138088807],[121.10080724903825,14.589111015346266],[121.10062166788336,14.58910950573383],[121.1006232180725,14.588928774667451],[121.1007160085717,14.588929529482328],[121.10062709345216,14.588476946988713],[121.10081267407779,14.588478456532847],[121.10081344906213,14.588388090985092],[121.10109104505605,14.588480720572914],[121.10127740053021,14.588391864176717],[121.10155422210592,14.588574858822465],[121.1014575580052,14.589025932252984],[121.10173670441412,14.58893783001539],[121.1017390282968,14.588666733234898],[121.1022965454647,14.588580893208345],[121.10220840148148,14.588037945307395],[121.10211561127521,14.588037191130407],[121.10221924246497,14.586772826496883],[121.10231203214731,14.5867735805688],[121.10212877583345,14.586500975495973],[121.10213032450389,14.58632024423082],[121.10222311399188,14.58632099831517],[121.1021357446825,14.5856876847796],[121.10232132313466,14.585689192843319],[121.10232209734896,14.585598827194755],[121.10222930815804,14.585598073186166],[121.10223163088254,14.585326976250599],[121.10204682704986,14.585235102515313],[121.10204837564676,14.585054371239234],[121.1022339535591,14.58505587930837],[121.1022355019835,14.58487514800991],[121.10242107976589,14.584876655912247],[121.10242185389447,14.584786290252136],[121.10270022049455,14.584788551815073],[121.10270176850906,14.584607820463411],[121.10242417624842,14.584515193267453],[121.1025200612425,14.584154484467824],[121.10261284984463,14.58415523828803],[121.1025223833713,14.583883387452943],[121.1027087343107,14.583794529344516],[121.10271028220815,14.5836137979766],[121.10289585898538,14.583615305374451],[121.10289740671035,14.583434573984242],[121.10252547946837,14.583521924756102],[121.10262136366673,14.583161215814187],[121.10271415185844,14.583161969543976],[121.1027203430221,14.582439044013515],[121.10262832904202,14.582347924632852],[121.10281390475052,14.582349431967998],[121.10300102798058,14.582170207735121],[121.10337217920154,14.582173221630299],[121.10337140560524,14.582263587360487],[121.10374178361208,14.582356966435182],[121.10374410394756,14.582085869186177],[121.10383689174954,14.582086622415833],[121.1038353449401,14.58226735392568],[121.10402169404318,14.58217849452975],[121.1039304529159,14.5819970098478],[121.10374487738203,14.581995503435028],[121.10374642423517,14.581814771930421],[121.1040240140066,14.581907397232516],[121.10411834828912,14.581727418797161],[121.10365518345917,14.581633287180882],[121.10365673034525,14.581452555680183],[121.10402865378991,14.581365202618066],[121.10403020034178,14.581184471074025],[121.10440366946861,14.580916385755547],[121.1039405060981,14.580822254889156],[121.1039420526617,14.580641523345914],[121.10412840028143,14.580552663683086],[121.104037159562,14.580371179089244],[121.1038515853779,14.58036967292525],[121.10384926545898,14.580640770230922],[121.10357167730766,14.580548144911951],[121.10356935701677,14.580819242169394],[121.10338378250803,14.580817735588756],[121.10329563647569,14.58027478780922],[121.10357399755068,14.580277047647847],[121.10357631774583,14.580005950377082],[121.10376189159571,14.580007456722974],[121.1036745180061,14.579374143210142],[121.10395287801137,14.57937640246115],[121.10404334517385,14.579648252830388],[121.1042289187746,14.579649758769317],[121.1045111441057,14.579200188344164],[121.10469671738183,14.579201693866448],[121.10451269002448,14.5790194567161],[121.1042312380646,14.579378661380868],[121.10404566469052,14.57937715547116],[121.10376962447805,14.57910379900854],[121.10377117099065,14.57892306745677],[121.10414154383815,14.57901644526892],[121.10405107670988,14.57874459494045],[121.10423819564738,14.578565369175642],[121.10442376836271,14.578566874850516],[121.10442144944298,14.578837972288081],[121.10470058176105,14.578749864741933],[121.10461243261547,14.578206917078926],[121.10442686018115,14.578205411590126],[121.10452273797797,14.577844701061213],[121.10479955064622,14.578027690746929],[121.10470521884065,14.578207669768126],[121.10489079130684,14.578209175036125],[121.10489388228473,14.577847711666578],[121.10470985572886,14.577665474767851],[121.10508099977591,14.577668485039883],[121.10517069531899,14.578030700949682],[121.10582097106504,14.577945601496332],[121.10581865395703,14.578216699168287],[121.10618902693713,14.578310073699505],[121.10618593796868,14.578671537326624],[121.10692745819941,14.578767918943711],[121.1069251423081,14.579039016770743],[121.10738984763148,14.57895240950192],[121.10757310588059,14.579225010638073],[121.10785223793069,14.579136899234388],[121.10803549691894,14.57940950009041],[121.10840587321115,14.57950287144861],[121.10821181279977,14.580495394857849],[121.10802546645598,14.580584257983773],[121.10802392322822,14.580764989956272],[121.10774556082114,14.580762735344397],[121.10765122981147,14.5809427156642],[121.10746565475944,14.580941212312446],[121.1074641110358,14.581121944220818],[121.10774093033031,14.581304931156822],[121.10773938679088,14.581485663088376],[121.10801697844055,14.581578283796102],[121.10829611346657,14.58149017221416],[121.10820101089196,14.581760518749896],[121.10755226756294,14.581664891661159],[121.10755072382989,14.5818456235674],[121.107921875488,14.581848630170633],[121.10810590804813,14.582030865213067],[121.10800926150554,14.582481943548107],[121.1078236851262,14.58248044032576],[121.10781828242676,14.583113002040236],[121.10809664779744,14.583115256920607],[121.10809587607537,14.583205622891402],[121.10828299637889,14.583026394008822],[121.10846857326483,14.583027896921461],[121.10846724095137,14.583183937488151],[121.10863077100008,14.583049986000027],[121.10869679800012,14.582710187000067],[121.10893514100013,14.582560417999932],[121.10903337600008,14.582201294999972],[121.10891977899956,14.581404849654831],[121.10885052634484,14.581765778081621],[121.10875773840706,14.581765026858893],[121.10867035023597,14.581131713501492],[121.10857833398437,14.581040596227144],[121.10829919961728,14.581128708231503],[121.10839275875061,14.58103909360183],[121.108302285683,14.580767244236945],[121.10857987679051,14.580859864200733],[121.10885901073598,14.580771751804686],[121.10894680494994,14.58135755440951],[121.10907363700012,14.581091715000092],[121.10876545400012,14.580089419000117],[121.10835392400017,14.579272341000014],[121.10786676100001,14.578932882000082],[121.10654527600009,14.578669641999973],[121.10574485299995,14.577693569000036],[121.10508140400003,14.577645414000049],[121.10436030800005,14.576967527000093],[121.10330188899997,14.576455314000079],[121.10323561692752,14.576445633568333],[121.10332579969828,14.576750523341495],[121.10323301415734,14.576749770178274],[121.10313713502808,14.577110480013253],[121.10285723094444,14.57728895161786],[121.10285491032145,14.577560048838087],[121.10238711234723,14.578008110078908],[121.10247757716509,14.578279960785565],[121.1021056587596,14.578367311949822],[121.10210411095069,14.578548043335058],[121.10182420422791,14.578726513360838],[121.10182265614971,14.57890724471099],[121.10154274875218,14.579085714311955],[121.1003349763516,14.579256640772762],[121.10033342700046,14.57943737195798],[121.09995918164611,14.579795816073258],[121.09995763192879,14.579976547210691],[121.09967772185162,14.580155014215421],[121.09967617186491,14.580335745317683],[121.09948982310449,14.58042460123453],[121.0992060360247,14.581054895167576],[121.09892612398262,14.581233361017585],[121.09892457326342,14.581414092024012],[121.09864621151368,14.581411826474842],[121.09854566884678,14.582314726010956],[121.09798894325617,14.58231019340511],[121.09797885745482,14.583484944144551],[121.09807164553115,14.583485699734364],[121.09807009386498,14.583666430616091],[121.09797730571297,14.583665675016508],[121.09797420216542,14.584027136751452],[121.09639524873724,14.584195016291677],[121.09639447218385,14.58428538163906],[121.09620967217725,14.58419350367187],[121.0962057889787,14.584645330352561],[121.09601943533072,14.584734182860846],[121.09583541196838,14.584551939258414],[121.09545959659641,14.585091104672241],[121.09545804262133,14.585271835253764],[121.09508377930321,14.585630269235725],[121.0949863271749,14.586171703912907],[121.09479997179842,14.586260555221706],[121.09489120629749,14.586442042718293],[121.09470485065103,14.58653089391687],[121.0947032959002,14.586711624396518],[121.09507445293313,14.586714652392505],[121.09516335617914,14.587167235607854],[121.09451305258115,14.587252301540108],[121.0943259185257,14.587431517543923],[121.09432125298086,14.58797370881216],[121.09422846322809,14.58797295150541],[121.09422613027009,14.588244047114927],[121.09403977281475,14.5883328975534],[121.0940382173207,14.588513627934994],[121.09459806727368,14.588156710957954],[121.09478364697853,14.588158225259704],[121.09487799160975,14.587978251879772],[121.09543628472665,14.587802063084663],[121.09553062867192,14.587622089353012],[121.09580899771707,14.587624359557836],[121.09590334128434,14.587444385627144],[121.0960889205339,14.587445898819738],[121.0963696196535,14.587177072365574],[121.09655519872969,14.587178585160618],[121.09655364541612,14.587359315825452],[121.09664643503788,14.5873600721775],[121.09664332849798,14.587721533517914],[121.09608581306532,14.587807360039893],[121.09608425929895,14.587988090645485],[121.0962698390236,14.587989603749438],[121.09626673172927,14.58835106499091],[121.0960811517022,14.588349551847877],[121.09607882094846,14.588620647741966],[121.09626440120239,14.588622160914309],[121.09634864607702,14.589616935827863],[121.09551275409703,14.589700490498956],[121.09514470139626,14.589336001631334],[121.0949583432406,14.589424852728925],[121.09504724662473,14.589877435992591],[121.09495367857808,14.589967044105165],[121.09513925983805,14.589968558307973],[121.09513537285042,14.590420384483558],[121.0948546678042,14.590689208703065],[121.09504024965852,14.590690723057751],[121.09504102712062,14.590600357831338],[121.0953193998288,14.590602629072489],[121.09522427674543,14.590872967735589],[121.09503869471844,14.590871453508623],[121.09503713975685,14.591052183956474],[121.0952227219351,14.59105369820307],[121.09522194452194,14.59114406343561]],[[121.09688985553933,14.591428781070412],[121.09670504969031,14.59133690280213],[121.09689063228778,14.591338415752073],[121.09688985553933,14.591428781070412]],[[121.10365673034525,14.581452555680183],[121.10328558026968,14.581449542382483],[121.10328712743689,14.581268810917845],[121.1035654897588,14.581271070917055],[121.10365673034525,14.581452555680183]],[[121.1081066797011,14.58194049923259],[121.1082922556589,14.581942002175872],[121.10829302723104,14.581851636185004],[121.10847860313439,14.581853138971343],[121.10847706013587,14.582033870971731],[121.10810590804813,14.582030865213067],[121.1081066797011,14.58194049923259]],[[121.10847937462562,14.581762772969995],[121.10866495047462,14.581764275599394],[121.10866417905889,14.581854641610423],[121.10847860313439,14.581853138971343],[121.10847937462562,14.581762772969995]],[[121.10828299637889,14.583026394008822],[121.10800540283908,14.582933773396487],[121.10791415801583,14.582752289851939],[121.1082845396453,14.58284566204405],[121.10828299637889,14.583026394008822]],[[121.09541996355635,14.589699733577941],[121.0951415919665,14.589697462593918],[121.09514236933195,14.589607097354271],[121.0954207408084,14.58960936832364],[121.09541996355635,14.589699733577941]],[[121.09588236217095,14.589884248369831],[121.09560243588392,14.59006270843167],[121.09560399027413,14.589881977908856],[121.09588236217095,14.589884248369831]],[[121.09727577538386,14.589714865001433],[121.09773895236249,14.58980901093133],[121.09773739972235,14.589989741680274],[121.09727422237627,14.589895595703037],[121.09727577538386,14.589714865001433]],[[121.09783329561758,14.58962903617481],[121.09811166755863,14.589631303940251],[121.09810933907615,14.589902400125752],[121.09792375754992,14.589900888289584],[121.09783329561758,14.58962903617481]],[[121.09625430169724,14.589796909838846],[121.09616073411591,14.589886518499338],[121.0961615110761,14.589796153207555],[121.09625430169724,14.589796909838846]],[[121.09792686248507,14.589539426746576],[121.09746368592859,14.589445281246292],[121.09746756789595,14.588993454419228],[121.09802508626049,14.588907624900624],[121.09811710049752,14.588998746148327],[121.09811321985354,14.589450573146276],[121.09792686248507,14.589539426746576]],[[121.09858027658683,14.589092890275577],[121.09886175120582,14.588733695304477],[121.09914012218862,14.588735961708341],[121.09904578040232,14.588915937180733],[121.09913857081084,14.588916692621599],[121.09913546799132,14.589278154439143],[121.09876352991472,14.589365497809634],[121.09858027658683,14.589092890275577]],[[121.09858105251593,14.589002524850123],[121.09848903806306,14.588911403762115],[121.09830345732607,14.588909892328026],[121.09830423335784,14.588819526915717],[121.09858260435804,14.588821793996996],[121.09858105251593,14.589002524850123]],[[121.09932182476409,14.58918929978644],[121.09922825855642,14.589278909862688],[121.0992290342315,14.58918854440455],[121.09932182476409,14.58918929978644]],[[121.09654121813897,14.588805161037897],[121.09644765112971,14.588894769885439],[121.09644842791768,14.58880440457083],[121.09654121813897,14.588805161037897]],[[121.09664099853696,14.587992629515387],[121.09664022187262,14.588082994846427],[121.09645464202966,14.588081482027313],[121.09645541876958,14.587991116706043],[121.09664099853696,14.587992629515387]],[[121.10137871282042,14.587398597309118],[121.101375613993,14.587760059645092],[121.10119003390837,14.587758550620809],[121.1010987935253,14.587577064916122],[121.10137871282042,14.587398597309118]],[[121.10174987244861,14.587401614837834],[121.10174832334802,14.587582346046233],[121.10156274337201,14.58758083733601],[121.10156429262385,14.587400106147062],[121.10174987244861,14.587401614837834]],[[121.10166095538102,14.58694903250116],[121.10165940625807,14.58712976370725],[121.10147382667073,14.587128254972157],[121.10147537594494,14.586947523785607],[121.10166095538102,14.58694903250116]],[[121.09683822651587,14.586638661976767],[121.09683977951715,14.586457931270811],[121.09702613445886,14.586369078255643],[121.0970245816195,14.58654980898265],[121.09683822651587,14.586638661976767]],[[121.10194397113568,14.586409101574791],[121.10185040717457,14.586498712992721],[121.10185118162583,14.586408347375155],[121.10194397113568,14.586409101574791]],[[121.09684133249704,14.586277200561835],[121.09684055600972,14.586367565916767],[121.09665497758198,14.586366053430542],[121.09665575414489,14.586275688085468],[121.09684133249704,14.586277200561835]],[[121.10157358768768,14.58631571895138],[121.10139033266444,14.586043113444056],[121.10176149002439,14.586046130680383],[121.1017599410835,14.586226861910987],[121.10157358768768,14.58631571895138]],[[121.09656917759007,14.585552009044065],[121.09666351948002,14.585372034594233],[121.09684832064221,14.585463912335115],[121.09712823982551,14.585285449887184],[121.09703001646389,14.585917251425204],[121.0966596368792,14.585823861348999],[121.09656917759007,14.585552009044065]],[[121.09656791462905,14.58569897510321],[121.09647405892646,14.585822348774222],[121.09638359987474,14.58555049642488],[121.09647638872974,14.585551252752857],[121.09656791462905,14.58569897510321]],[[121.10111506357664,14.585679387796766],[121.10102149966829,14.585768998884294],[121.10102227441718,14.585678633304742],[121.10111506357664,14.585679387796766]],[[121.10149319106694,14.584869114927699],[121.10158365647455,14.585140966036167],[121.1014908675152,14.585140211757395],[121.10149319106694,14.584869114927699]],[[121.10186666953287,14.58460103486848],[121.10149474007488,14.5846883837042],[121.1014970635467,14.584417286863403],[121.10214890688734,14.584151468818849],[121.10214735847252,14.58433220011944],[121.1019617811757,14.584330692054657],[121.10186666953287,14.58460103486848]],[[121.10384539882112,14.581092599059051],[121.10384694549218,14.58091186753002],[121.1041253074565,14.580914126808384],[121.10412453423696,14.581004492587866],[121.10384539882112,14.581092599059051]],[[121.10291752519687,14.581085065641517],[121.10291907262376,14.580904334209919],[121.1031046471549,14.580905841168388],[121.10301031253539,14.581085819148907],[121.10291752519687,14.581085065641517]],[[121.1029260357812,14.580091042730956],[121.10292526211838,14.58018140845386],[121.10273968821306,14.580179901426114],[121.10274046195156,14.580089535712979],[121.1029260357812,14.580091042730956]],[[121.10311547748894,14.579640720927909],[121.1033930642912,14.579733346635901],[121.1033915173805,14.579914078135445],[121.10311393036216,14.579821452399653],[121.10311547748894,14.579640720927909]],[[121.10293145127237,14.579458482650551],[121.1028378909559,14.579548094917136],[121.10283866461934,14.579457729194054],[121.10293145127237,14.579458482650551]],[[121.10153965203605,14.579447176938896],[121.10126129233251,14.579444914802995],[121.10126206663296,14.57935454916198],[121.10154120040478,14.579266445626935],[121.10153965203605,14.579447176938896]],[[121.10228658804182,14.57891101350338],[121.10228504032023,14.579091744899273],[121.10210024133531,14.578999871785356],[121.10210101526903,14.578909506096824],[121.10228658804182,14.57891101350338]],[[121.10349281158402,14.578920808058058],[121.10349435830206,14.57874007653258],[121.10330878554197,14.57873857010231],[121.10331033238987,14.578557838593351],[121.10368070435887,14.578651217042147],[121.10367915780256,14.578831948588586],[121.10349281158402,14.578920808058058]],[[121.10424128776808,14.578203905954155],[121.10423974171839,14.578384637566408],[121.10405416917546,14.578383131763815],[121.1040557153763,14.578202400171012],[121.10424128776808,14.578203905954155]],[[121.10285026893177,14.578102243258737],[121.10284872175934,14.578282974726307],[121.1026631494516,14.578281467829566],[121.10266469677512,14.578100736381359],[121.10285026893177,14.578102243258737]],[[121.10359874383037,14.577385343084401],[121.10350518473248,14.577474955771628],[121.10350595800912,14.577384589997475],[121.10359874383037,14.577385343084401]],[[121.10443613512615,14.57712102173808],[121.1043425764497,14.577210634817082],[121.10434334937027,14.577120268996921],[121.10443613512615,14.57712102173808]],[[121.10858681915552,14.58004657004551],[121.10849326056122,14.580136184820045],[121.10849403195164,14.580045818804663],[121.10858681915552,14.58004657004551]],[[121.10858373371303,14.58040803412187],[121.1083973875588,14.580496897572068],[121.10839893045242,14.580316165556315],[121.10858373371303,14.58040803412187]],[[121.10858296233914,14.580498400139117],[121.1087669945281,14.58068063461063],[121.10858141957544,14.58067913217139],[121.10858296233914,14.580498400139117]],[[121.1077440173454,14.580943467284833],[121.10820641197589,14.581127956821991],[121.10820486883561,14.58130868880506],[121.10783371802073,14.581305682760046],[121.1077440173454,14.580943467284833]]],[[[121.09447494922833,14.591680196671728],[121.0941045619044,14.591586801546317],[121.09410378400541,14.591677166715797],[121.09447494922833,14.591680196671728]]],[[[121.09391820142598,14.591675651516898],[121.09382463212656,14.591765259016185],[121.09391742344599,14.591766016675809],[121.09391820142598,14.591675651516898]]],[[[121.09503325225951,14.591504010063137],[121.09475487846491,14.59150173834379],[121.09484533693497,14.591773591246291],[121.09503169722305,14.591684740500774],[121.09503325225951,14.591504010063137]]],[[[121.10774338967201,14.591878496362085],[121.1078361817908,14.591879248496884],[121.10791277971214,14.59206061364565],[121.10790802900031,14.591836398999956],[121.10774338967201,14.591878496362085]]],[[[121.09317431475193,14.591850319486586],[121.09308152343748,14.591849561527468],[121.09307918842813,14.592120656865468],[121.09317197985611,14.59212141483933],[121.09317431475193,14.591850319486586]]],[[[121.10922420543038,14.592342355903263],[121.108760587899,14.592298287232417],[121.10876024354583,14.592338597502117],[121.1089450563985,14.592430466917214],[121.10894582828372,14.592340100973065],[121.10922420543038,14.592342355903263]]],[[[121.10794036700007,14.592313055000048],[121.10810915267368,14.592514065993498],[121.1085731147507,14.592517825732418],[121.10866777485526,14.592299958441366],[121.10794036700007,14.592313055000048]]],[[[121.11024106521121,14.592802451197393],[121.11033709278989,14.592712856315302],[121.11024183658822,14.592712085188317],[121.11024106521121,14.592802451197393]]],[[[121.10634377911114,14.592770868004799],[121.10643502565719,14.592952352358566],[121.10652936395117,14.592772373439775],[121.10634377911114,14.592770868004799]]],[[[121.10634068719598,14.593132331218026],[121.1063391412065,14.593313062820243],[121.10643193385083,14.593313815585294],[121.10643347976463,14.593133083973395],[121.10634068719598,14.593132331218026]]],[[[121.10671185750238,14.593135342018435],[121.10689512437605,14.593407944687229],[121.10689821544727,14.593046481366176],[121.10671185750238,14.593135342018435]]],[[[121.09132705867094,14.590841138032626],[121.09123270981706,14.591021109437161],[121.09067674398769,14.590926191760154],[121.09048882438425,14.591195768862839],[121.09067440618938,14.591197286738264],[121.09067362691256,14.591287651729488],[121.09039369530284,14.591466104797188],[121.09011532231108,14.591463827553195],[121.09011454279124,14.591554192512799],[121.08992974034332,14.591462309206413],[121.09011142465847,14.591915652343754],[121.09029700702581,14.591917170592303],[121.09056758680076,14.592823097459782],[121.09075239064258,14.592914980420844],[121.09075083195563,14.593095710384283],[121.09056524855143,14.593094192376608],[121.0905636896918,14.593274922317487],[121.09084206503307,14.59327719930311],[121.09083972704371,14.593548294252976],[121.09111810277365,14.593550570951184],[121.09111888199531,14.59346020595401],[121.09093329824562,14.593458688201775],[121.09112355721268,14.59291801595489],[121.09121634886864,14.59291877474632],[121.09112745307996,14.592466190935358],[121.09140504844727,14.592558832145706],[121.0914081646122,14.592197372060909],[121.09159530525554,14.592018159241125],[121.09159997882426,14.591475969024046],[121.09178789746998,14.591206390897202],[121.0917894551,14.591025660794852],[121.09151108243447,14.59102338528174],[121.09132705867094,14.590841138032626]],[[121.09103622000357,14.592284702128353],[121.09094732468101,14.591832118301138],[121.09122491918386,14.591924759624995],[121.09122102366635,14.592376584691245],[121.09103622000357,14.592284702128353]],[[121.09094420784533,14.592193578299781],[121.09085141650804,14.592192819437031],[121.0908490787116,14.592463914413543],[121.09057070439157,14.592461637560259],[121.09048258941456,14.591918688693504],[121.09076096303782,14.59192096556908],[121.09094420784533,14.592193578299781]],[[121.09141050167972,14.59192627698954],[121.09131693137417,14.592015883345297],[121.09131771042912,14.591925518325652],[121.09141050167972,14.59192627698954]],[[121.09075472863283,14.592643885470089],[121.09103310321204,14.592646162131793],[121.09103154478416,14.592826892129072],[121.09075316997803,14.59282461543797],[121.09075472863283,14.592643885470089]]],[[[121.10368807682133,14.593381912867951],[121.10364583452021,14.593562313583828],[121.1036925506637,14.593562693110815],[121.10368807682133,14.593381912867951]]],[[[121.10689357880865,14.59358867634327],[121.1069871443468,14.593499063069402],[121.10689435159502,14.593498310515649],[121.10689357880865,14.59358867634327]]],[[[121.10299551206406,14.593647401239505],[121.10308907901069,14.59355778972272],[121.10299628644435,14.593557035616964],[121.10299551206406,14.593647401239505]]],[[[121.09102297304769,14.593820907061303],[121.09092940170555,14.59391051313169],[121.09102219376688,14.593911272050661],[121.09102297304769,14.593820907061303]]],[[[121.10726088674383,14.594043515581099],[121.10698482608514,14.593770160564699],[121.10698173499526,14.594131623881488],[121.10726088674383,14.594043515581099]]],[[[121.0925068674752,14.593923409745067],[121.09250531010763,14.594104139878414],[121.0923197256679,14.594102623162772],[121.09222148170676,14.594734420090258],[121.09250063787667,14.594646330260783],[121.09240862418356,14.594555206835],[121.09241096042055,14.594284111659626],[121.09259732368163,14.59419526325144],[121.09259965962747,14.593924168037784],[121.0925068674752,14.593923409745067]]],[[[121.10177681001838,14.595083443296417],[121.1018703780779,14.59499383241166],[121.10177758497564,14.594993077749017],[121.10177681001838,14.595083443296417]]],[[[121.10149455519655,14.595533006725923],[121.10130974375893,14.595441131491214],[121.10130896858594,14.595531497010548],[121.10149455519655,14.595533006725923]]],[[[121.10195852181616,14.595536780369454],[121.10196007162729,14.595356049261774],[121.10168169186645,14.595353785215401],[121.10168091685004,14.595444150754986],[121.10195852181616,14.595536780369454]]],[[[121.10232194734593,14.596443454310357],[121.10222837875847,14.596533065314041],[121.10232117253042,14.596533819875255],[121.10232194734593,14.596443454310357]]],[[[121.10816641845496,14.59667164882573],[121.10825998500466,14.59658203515831],[121.10816719089236,14.596581282955121],[121.10816641845496,14.59667164882573]]],[[[121.10389866746937,14.596546641779415],[121.10361951160658,14.596634745496448],[121.10371075697375,14.596816230782004],[121.10389711910872,14.596727373072458],[121.10389866746937,14.596546641779415]]],[[[121.10927840462432,14.596861404745773],[121.10937197086992,14.596771790589145],[121.10927917661826,14.59677103881841],[121.10927840462432,14.596861404745773]]],[[[121.10111252795578,14.596795104205071],[121.10101895877315,14.596884714643874],[121.10111175262718,14.596885469703622],[121.10111252795578,14.596795104205071]]],[[[121.10185410365183,14.596891508855112],[121.10204046641154,14.596802652727234],[121.10204279123036,14.596531556080947],[121.10185720372358,14.596530046700504],[121.10185410365183,14.596891508855112]]],[[[121.10148215291433,14.59697885509149],[121.10157494683283,14.596979609971825],[121.10167006606159,14.596709268231987],[121.1014844784461,14.596707758537306],[121.10148215291433,14.59697885509149]]],[[[121.10788494578,14.59703085539715],[121.10779137888453,14.597120468869793],[121.10788417320254,14.597121221249463],[121.10788494578,14.59703085539715]]],[[[121.10714722885565,14.59648264047054],[121.10659046487079,14.596478124075105],[121.10658737253817,14.596839587225539],[121.1068649819778,14.596932211447697],[121.10704825160792,14.59720481431349],[121.1076050175681,14.597209329836822],[121.10769935722482,14.597029350610633],[121.10751376869085,14.597027845676678],[121.1075153141324,14.596847114008735],[121.1080713068528,14.596941994173527],[121.10816641845496,14.59667164882573],[121.10798005765234,14.596760510159221],[121.10798083017066,14.596670144299093],[121.1077952419075,14.596668639625108],[121.1077047656475,14.596396789691788],[121.10742561091972,14.59648489817079],[121.10761738007015,14.595763476356147],[121.1078045126212,14.595584249362634],[121.10808289366192,14.59558650614344],[121.1083597301385,14.595769494368724],[121.10826461929024,14.59603983989016],[121.10844866248745,14.596222075906127],[121.1087270444341,14.596224332015204],[121.10881829411898,14.596405815792277],[121.10942568951917,14.596591481393926],[121.10952370809119,14.595417436835643],[121.10818263852441,14.594773965388494],[121.1079081206328,14.594319879484416],[121.1076289686812,14.594407988546418],[121.10744492756116,14.594225752119492],[121.10744338235205,14.594406483820563],[121.10725625066245,14.594585710626138],[121.1069786438204,14.594493087186464],[121.10697555256053,14.594854550479628],[121.10688275924136,14.594853797852956],[121.10688121350395,14.59503452948546],[121.10706680029887,14.595036034721396],[121.1071572753988,14.595307884770978],[121.10743565598753,14.595310142281779],[121.10733977160682,14.595670853159302],[121.10743179260618,14.595761971484631],[121.1073389988821,14.595761218993584],[121.10733668067603,14.596032316491812],[121.10715109301691,14.596030811370007],[121.10714722885565,14.59648264047054]],[[121.10714645600747,14.596573006288391],[121.10733358966031,14.596393779812598],[121.10733204412053,14.59657451146855],[121.10714645600747,14.596573006288391]],[[121.1070521161709,14.596752985266868],[121.10733049855952,14.596755243121482],[121.10732895297727,14.596935974771483],[121.10705134326889,14.596843351077702],[121.1070521161709,14.596752985266868]]],[[[121.10853218893668,14.597307218646147],[121.10862884474643,14.596856141284906],[121.10835046202129,14.596853884963288],[121.10853450589023,14.59703612098938],[121.10853218893668,14.597307218646147]]],[[[121.1012934640068,14.597338807243041],[121.10138703330783,14.597249196707072],[121.10129423928637,14.597248441738362],[121.1012934640068,14.597338807243041]]],[[[121.10890105016597,14.597581324511975],[121.108809027826,14.59749020661608],[121.10890336671336,14.597310226803604],[121.1086249833728,14.5973079707408],[121.10871546104003,14.597579820477833],[121.10890105016597,14.597581324511975]]],[[[121.10101042939071,14.597878735025613],[121.10129191343167,14.597519538250001],[121.10120144527035,14.597247686732882],[121.10138858377532,14.5970684656859],[121.1007374752698,14.597243911152411],[121.1008263918622,14.59769649373591],[121.1010119802355,14.597698004053736],[121.10101042939071,14.597878735025613]],[[121.10119911930214,14.597518783229866],[121.10110710054374,14.597427662679472],[121.1011998946302,14.597428417731582],[121.10119911930214,14.597518783229866]]],[[[121.10890027797299,14.597671690413314],[121.10899230042115,14.597762808285317],[121.10852909959092,14.597668682178142],[121.10853141660816,14.597397584530256],[121.10825148831802,14.597576059747528],[121.10843476022829,14.597848661779054],[121.10889873357088,14.597852422213684],[121.10889591097236,14.598182727007956],[121.10944086300013,14.597255580999988],[121.10943601565744,14.59704342599034],[121.10909204398628,14.596950267001016],[121.10927608861054,14.597132502523422],[121.10927377254906,14.597403600294498],[121.10899461688683,14.59749171056691],[121.10890027797299,14.597671690413314]]],[[[121.1088763116495,14.598213729128648],[121.10870928274163,14.598302747589873],[121.10870851043043,14.59839311347558],[121.10876262868956,14.598393552094855],[121.1088763116495,14.598213729128648]]],[[[121.10054102867036,14.598507517113521],[121.1006345987926,14.598417906984338],[121.1005418043219,14.598417151657515],[121.10054102867036,14.598507517113521]]],[[[121.10601668720159,14.598461652892656],[121.1062015034328,14.598553524914202],[121.10620459677465,14.598192061897706],[121.10601900742702,14.598190555658306],[121.10601668720159,14.598461652892656]]],[[[121.10815251367495,14.598298234369853],[121.10814942349032,14.598659697791625],[121.10861417082089,14.598573093118947],[121.10852369303154,14.598301243330578],[121.10815251367495,14.598298234369853]]],[[[121.10044668277243,14.598687492644977],[121.10054025301349,14.598597882568818],[121.10044745847256,14.598597127195365],[121.10044668277243,14.598687492644977]]],[[[121.10035233670725,14.598867468117014],[121.10044590706715,14.598777858093879],[121.10035311245578,14.598777102673797],[121.10035233670725,14.598867468117014]]],[[[121.10313695311386,14.598799749245881],[121.10322897330941,14.598890869154832],[121.10322974788492,14.598800503560447],[121.10313695311386,14.598799749245881]]],[[[121.10425203902147,14.598628067290385],[121.10406722373777,14.59853619381418],[121.10406490106479,14.598807290733138],[121.10378574227511,14.598895394297493],[121.10387466548816,14.599347976490105],[121.10415382485019,14.599259872887025],[121.10415924426746,14.598627313390953],[121.10425203902147,14.598628067290385]]],[[[121.10006929750743,14.599407394177586],[121.10007007340145,14.599317028753287],[121.09997727858438,14.599316273156546],[121.09997650265252,14.59940663857596],[121.10006929750743,14.599407394177586]]],[[[121.09997572671534,14.599497003994575],[121.09997650265252,14.59940663857596],[121.09988370780295,14.599405882937475],[121.09988293182792,14.599496248351205],[121.09997572671534,14.599497003994575]]],[[[121.09978936092766,14.59958585807911],[121.09988293182792,14.599496248351205],[121.09979013694584,14.599495492670975],[121.09978936092766,14.59958585807911]]],[[[121.09802703519999,14.599481127745282],[121.09784144565457,14.599479614873943],[121.09783989202349,14.599660345484331],[121.09802548172024,14.59966185837521],[121.09802703519999,14.599481127745282]]],[[[121.1050794537264,14.599538507625862],[121.10480106820145,14.59953624666591],[121.10461702596321,14.599354007849872],[121.10433864074523,14.599351746366338],[121.10433631826905,14.599622843309188],[121.10479981326492,14.599682766792764],[121.1050794537264,14.599538507625862]]],[[[121.09931917655666,14.60030500214403],[121.09978858490405,14.599676223486444],[121.09951252845799,14.59940286001503],[121.09969967020534,14.599223640739787],[121.10016364407471,14.599227418883363],[121.10025876627166,14.598957078092898],[121.0998868116499,14.599044421275185],[121.09988603569612,14.599134786691845],[121.0997012222695,14.599042909926716],[121.09970044624004,14.599133275333607],[121.09905010701215,14.599218349791041],[121.09914057292069,14.59949020187775],[121.0989549832472,14.599488689890858],[121.0989565359488,14.59930795916021],[121.09830619617647,14.59939303144516],[121.09821107143841,14.59966337111874],[121.09839510797954,14.59984561438091],[121.09802315146071,14.599932954314774],[121.09792880288731,14.600112928485895],[121.09727923775496,14.600107632294055],[121.09728156895481,14.59983653647626],[121.09765274854428,14.59983956303411],[121.09765352544886,14.599749197740461],[121.09746948966358,14.599566953975138],[121.09728390010653,14.599565440651716],[121.09710064190165,14.599292831379227],[121.0968222579788,14.599290560940634],[121.09663511412994,14.599469777617156],[121.09626315792472,14.599557114738513],[121.09626238046326,14.599647479960307],[121.09644796997848,14.59964899410414],[121.09644486038181,14.600010455023114],[121.09690883502016,14.600014239835577],[121.09699929839135,14.600286092456969],[121.09718488852182,14.60028760607953],[121.09718333426483,14.600468336608383],[121.09931917655666,14.60030500214403]]],[[[121.1013839323089,14.59761065874062],[121.10100887852461,14.598059465994382],[121.1010931431423,14.599054241447238],[121.1010003483802,14.599053486270428],[121.10099647082858,14.599505313639103],[121.10145967030158,14.599599454772036],[121.10145504581502,14.600138425511156],[121.10340574014607,14.599921743095875],[121.10331324785773,14.59988564498019],[121.10331712078576,14.599433817017236],[121.10313307999373,14.59925157718601],[121.10322819872857,14.598981234748418],[121.10304260904024,14.598979726062975],[121.10304415834794,14.598798994894455],[121.10313695311386,14.598799749245881],[121.10314082610086,14.598347921287367],[121.10295601161003,14.598256047012246],[121.10305190456735,14.597895339007714],[121.10295911018521,14.5978945846681],[121.10296065944087,14.597713853491587],[121.10268227655347,14.59771159028108],[121.10277739491455,14.597441247980356],[121.10259180656587,14.597439739092053],[121.10287328763171,14.597080540018101],[121.10315166975661,14.597082802905224],[121.10306816989537,14.595997661404834],[121.10325453149183,14.595908804150923],[121.10335042247382,14.595548095773978],[121.10353600931874,14.59554960386825],[121.10353678358383,14.595459238231943],[121.1033511968146,14.595457730147352],[121.1032607265419,14.59518587918037],[121.10354065482956,14.595007410039305],[121.10372469291079,14.595189649226512],[121.1037270153993,14.594918552277356],[121.10363422222837,14.59491779835643],[121.10363577060313,14.594737067063033],[121.10382135679896,14.594738574848574],[121.10373011197625,14.594557089668179],[121.10410205808758,14.59446973923205],[121.10410437999451,14.594198642206688],[121.10438275869522,14.594200903189645],[121.1043843063796,14.594020171806452],[121.10456989205541,14.594021678924793],[121.10456834452229,14.594202410327348],[121.10484672330276,14.59420467075768],[121.10484517597534,14.594385402186525],[121.10512432858357,14.594297296585843],[121.10521634805978,14.59438841561683],[121.10521866858906,14.5941173184141],[121.10568263324677,14.594121084300191],[121.10559912012761,14.593035942085884],[121.10550632764458,14.593035189003931],[121.10550400764713,14.593306286277006],[121.10531842247022,14.593304779973302],[121.10522949709285,14.592852198046966],[121.10550787428295,14.592854457484847],[121.10550710096642,14.5929448232447],[121.10578625152091,14.592856716591172],[121.10578547831781,14.59294708236568],[121.10597106324542,14.592948588262065],[121.10596874383116,14.59321968561028],[121.10606153641642,14.593220438517882],[121.10615510207467,14.593130825596887],[121.10606540189103,14.592768609576154],[121.10634377911114,14.592770868004799],[121.10653322834736,14.59232054435807],[121.10671881283042,14.592322049597115],[121.10671649443553,14.59259314707758],[121.10652936395117,14.592772373439775],[121.10680774125096,14.592774631315972],[121.10681005956424,14.592503533825472],[121.10690285189467,14.592504286362615],[121.10681725733959,14.591661809133925],[121.10664426800003,14.591792054000017],[121.10668952900004,14.592275762999893],[121.1047571050002,14.592228198000043],[121.10478448688683,14.59321007345725],[121.10513361080362,14.59321290778469],[121.10513283731453,14.593303273522249],[121.10494647861006,14.593392132650838],[121.10481666663422,14.593300706729071],[121.10484580400016,14.593488223000115],[121.1047325180002,14.593583621000015],[121.10373771928205,14.593669048609534],[121.10382754947992,14.594015649567513],[121.1037339825776,14.59410526138992],[121.10299164008265,14.59409922934137],[121.10299086567048,14.594189594959559],[121.10252690159496,14.594185823707537],[121.10252612698827,14.59427618930059],[121.1021541809091,14.594363537189334],[121.10224464955944,14.594635388399144],[121.1021518565872,14.59463463390339],[121.1021503070126,14.594815365042422],[121.10233434366918,14.594997605172253],[121.10223380261974,14.595900506378587],[121.10232659612693,14.595901260905784],[121.10232194734593,14.596443454310357],[121.10250598534535,14.59662569446106],[121.1021340351935,14.596713041823914],[121.10213326028644,14.596803407376733],[121.10269002364745,14.596807934500386],[121.10268769957514,14.59707903124242],[121.10231419895155,14.59734710992576],[121.10212938567096,14.597255235130255],[121.10212783578754,14.597435966226389],[121.10194069745728,14.597615187895983],[121.10175510905317,14.597613678324937],[121.10175588415956,14.597523312798142],[121.1013839323089,14.59761065874062]],[[121.10275880100824,14.599610021722729],[121.1026652310726,14.599699632738492],[121.10266600592311,14.599609267180078],[121.10275880100824,14.599610021722729]],[[121.10248041576892,14.599607757984199],[121.10248196560528,14.599427026884513],[121.10266755560811,14.599428536060852],[121.1025732108434,14.599608512600568],[121.10248041576892,14.599607757984199]],[[121.1025871579228,14.597981932509061],[121.1024920390225,14.5982522746643],[121.10240079427331,14.598070788972048],[121.1025871579228,14.597981932509061]],[[121.10296840539976,14.596810197564789],[121.10296763082789,14.596900563160862],[121.10278204291193,14.59689905447835],[121.10278281755956,14.596808688892047],[121.10296840539976,14.596810197564789]],[[121.10260187796843,14.596264986597305],[121.10251218315729,14.59590276984951],[121.10260575134515,14.595813158681512],[121.10297615082638,14.595906541564183],[121.10288103359638,14.596176884088283],[121.10260187796843,14.596264986597305]],[[121.10326382393926,14.59482441667733],[121.10307823773152,14.594822908439884],[121.10307901214317,14.594732542822051],[121.10326537260597,14.594643685421413],[121.10326382393926,14.59482441667733]],[[121.10540966828876,14.593486264645481],[121.10540734809814,14.593757361892887],[121.10522176255361,14.593755855466881],[121.10522408297125,14.593484758248696],[121.10540966828876,14.593486264645481]],[[121.10485136515749,14.59366247645356],[121.10475779878523,14.593752088757181],[121.10475857245223,14.593661723042803],[121.10485136515749,14.59366247645356]],[[121.10504545932133,14.592669960097524],[121.10504468582637,14.59276032583455],[121.10485910115644,14.592758819220872],[121.10485987472715,14.592668453493616],[121.10504545932133,14.592669960097524]]],[[[121.08791009355511,14.599669555699144],[121.08837484584662,14.599582992585578],[121.08837562652454,14.599492627780073],[121.0896755268243,14.599412902601792],[121.08985955528867,14.599595151727716],[121.08985721503916,14.599866246375424],[121.08967162605684,14.599864726969134],[121.08967084588723,14.599955091840364],[121.08985565484603,14.600046976136714],[121.08994466161496,14.600486518839425],[121.09087089478611,14.60069283901126],[121.09097776590077,14.59906207522522],[121.09107056012374,14.599062834386753],[121.09107367828521,14.598701374573562],[121.09116647236216,14.598702133678607],[121.0912686195066,14.597618513118835],[121.0914565446973,14.59734893607406],[121.09136530983265,14.597167447190493],[121.09164680700178,14.59680826382078],[121.09174661247056,14.595995737530618],[121.09193375648115,14.595816524850544],[121.09203122317898,14.595275093289448],[121.09212401587189,14.595275851839915],[121.09203901238959,14.594371442934015],[121.09213180470422,14.594372201435455],[121.0921349200872,14.594010741253047],[121.0922277122559,14.594011499697999],[121.09223160617513,14.593559674428889],[121.09241952621066,14.593290095959741],[121.09251932564455,14.592477568571791],[121.09270724427151,14.592207989693371],[121.09309397600694,14.590403719612297],[121.09328189190863,14.590134139927589],[121.09347758765668,14.588960908497093],[121.09357037778257,14.588961666152365],[121.09366783539949,14.588420232756736],[121.0937606253092,14.58842099030889],[121.09376373670807,14.58805952959846],[121.09385652647194,14.588060287094304],[121.09395398272541,14.58751885340682],[121.0940467722731,14.587519610799635],[121.09414422766423,14.586978176923857],[121.09442570567305,14.586618987788178],[121.09461750320601,14.58589758016787],[121.09480463559977,14.585718363722453],[121.09480619015741,14.58553763321678],[121.0949925448863,14.585448781823871],[121.09499487643991,14.585177686028281],[121.09518123079071,14.58508883443633],[121.09527712757563,14.584728130085676],[121.09555704677899,14.584549669552302],[121.09584084943006,14.583919382031993],[121.09612076715942,14.583740920632113],[121.0963102260734,14.583290606534636],[121.09659014263649,14.583112144420749],[121.09668603593218,14.582751439052153],[121.09696595151267,14.582572976360595],[121.0970618438702,14.582212270719594],[121.0974360979056,14.581853832379963],[121.09762555217583,14.581403516627187],[121.09790546529997,14.581225052491806],[121.09818925616021,14.580594760622532],[121.09846916781069,14.580416295621],[121.09847071879048,14.580235564647168],[121.09865706768741,14.580146709572581],[121.09865861848407,14.57996597857468],[121.09884496708399,14.579877123311622],[121.0988465176975,14.579696392289918],[121.09940866239344,14.579068363254652],[121.09950454865407,14.578707655843424],[121.09978445686623,14.578529188821285],[121.09988034218902,14.578168481137919],[121.10016024941895,14.577990013538464],[121.10035046869022,14.577449328757517],[121.10053681453715,14.57736047178809],[121.10053991242559,14.576999009307698],[121.10091260306696,14.576821294782647],[121.10110204501761,14.576370974650974],[121.10138194899352,14.576192505167782],[121.10147783030175,14.575831796323833],[121.10186011156813,14.575563785893717],[121.10097453400004,14.574820266999975],[121.10176341700013,14.573731943999988],[121.10103777463517,14.573041655447625],[121.10066367060999,14.573385137904058],[121.1006621221782,14.573565869214598],[121.10028788842027,14.573924315289641],[121.1001920064579,14.574285023566134],[121.09991210431112,14.574463491825949],[121.09981622141117,14.574824199830303],[121.09934842454824,14.575272255038083],[121.09934687483518,14.575452986180935],[121.09916053033419,14.575541842350734],[121.09906387055463,14.575992915362743],[121.09887830057258,14.575991405692577],[121.09869118028452,14.576170626938154],[121.09868962993596,14.57635135799805],[121.09831616345787,14.576619434369462],[121.09822027666176,14.576980141228688],[121.09765813501626,14.57760816774206],[121.09765658366584,14.57778889867086],[121.09747023657403,14.577877753155253],[121.09737434763831,14.578238459397816],[121.0969073144008,14.578596142702658],[121.09681142411726,14.578956848544475],[121.0965315133792,14.579135311640954],[121.0963420595266,14.579585626553957],[121.09596780824624,14.579944063454917],[121.09558967238407,14.58075432626714],[121.09530975839118,14.580932787478549],[121.09521308721754,14.581383857466133],[121.09502673618489,14.581472709489294],[121.09502440528861,14.581743805375655],[121.09483805387805,14.581832657199865],[121.09483572269089,14.582103753048123],[121.0946493709024,14.582192604673203],[121.09464703942446,14.582463700483181],[121.09445991000707,14.582642917167163],[121.09436245863442,14.583184351689003],[121.09417532833223,14.583363568032723],[121.09417221865039,14.583725028974968],[121.09398508770072,14.583904245084298],[121.09398197758819,14.584265705969699],[121.09379406836321,14.584535287052933],[121.09378940248415,14.585077478286887],[121.09360304772666,14.585166328701114],[121.0932163346427,14.58697060200068],[121.09302842184671,14.5872401820173],[121.09283350468857,14.58832304800227],[121.09274071487016,14.588322290086673],[121.09273682344849,14.58877411569258],[121.0926440334464,14.588773357715699],[121.09254657311327,14.589314790345895],[121.092453782895,14.589314032266074],[121.09235476466228,14.590036194888132],[121.0921668478249,14.59030577370136],[121.0921637333198,14.590667234004915],[121.09207094255575,14.590666475704293],[121.09197270067764,14.591298272801154],[121.09187990965967,14.591297514392618],[121.09178088786987,14.592019676320831],[121.09159296839887,14.592289254339672],[121.09158985251497,14.592650714460706],[121.09140193219655,14.59292029221869],[121.09139803676271,14.593372117293288],[121.09130524490699,14.593371358551064],[121.09120777790541,14.593912789778205],[121.09111498583343,14.593912030932863],[121.0910159593268,14.594634191939324],[121.09092316696295,14.594633432981095],[121.09082569809549,14.59517486381273],[121.09063855391018,14.595354075569986],[121.0906330971348,14.595986630255062],[121.09044595204222,14.596165841743822],[121.09044361308466,14.596436936563926],[121.09025724717458,14.596525782901235],[121.09034770116004,14.596797637016898],[121.09016055509525,14.596976848153584],[121.09015821565248,14.59724794290965],[121.08987749559915,14.597516759208471],[121.0897808020736,14.597967824120737],[121.08959443459625,14.598056669728585],[121.08940260560249,14.598778069247196],[121.08903064921253,14.598865394631453],[121.08866025364871,14.59877198973457],[121.0886594731272,14.59886235456068],[121.08800913439269,14.598947397809212],[121.08746454540972,14.599485161777293],[121.08791009355511,14.599669555699144]]],[[[121.08292849045166,14.585530803810052],[121.08292457979861,14.585982626924885],[121.08310781018379,14.586255244168953],[121.08301423963533,14.586344847118902],[121.0831062460039,14.586435973425047],[121.08308825638868,14.588514359657232],[121.08299546702014,14.58851359786065],[121.08289720146267,14.58914538821233],[121.08280441184029,14.589144626307657],[121.08270536278768,14.589866781025904],[121.08261257287353,14.589866019008166],[121.08251039225853,14.590949631736603],[121.08241760190135,14.590948869586171],[121.08241368868939,14.591400692356302],[121.08232089814852,14.591399930144409],[121.08231228819267,14.592393940119717],[121.08221934069405,14.592411249393956],[121.08285197302803,14.594368534723626],[121.08303974847135,14.594116964074875],[121.08304209610463,14.59384587037814],[121.08313488770962,14.593846632428207],[121.08314036506765,14.59321408040891],[121.08323315641329,14.593214842387745],[121.08323785085491,14.592672654884229],[121.08314505973621,14.59267189293488],[121.08324723915732,14.59158827979735],[121.08343282050325,14.591589803467429],[121.08361996620992,14.5914105977592],[121.0836230948239,14.591049139288668],[121.08380867575906,14.591050662604985],[121.08390537631401,14.59059960102925],[121.08418452909223,14.590511520890601],[121.08418687471885,14.590240426928034],[121.08381571414529,14.59023738091437],[121.08381884217717,14.589875922366033],[121.08419391130839,14.589427145000453],[121.08410659436387,14.588793830979405],[121.0841993839104,14.588794592348862],[121.08420251099326,14.588433133674492],[121.08429530039388,14.58843389498746],[121.08430780726053,14.586988060093073],[121.08421501846476,14.586987298858798],[121.08421814511766,14.586625840125365],[121.08403413129001,14.586443588234097],[121.08385637185032,14.58553841886344],[121.0836723591463,14.585356166817363],[121.08376827425123,14.584995469495752],[121.08358426202267,14.584813217436086],[121.08367939516465,14.584542884796345],[121.08349538334669,14.584360632714652],[121.08340808345747,14.583725598104726],[121.08292849045166,14.585530803810052]]],[[[121.0916125174505,14.600784323091496],[121.09161485570382,14.600513228186749],[121.09133725065882,14.600420586064686],[121.09152673743239,14.599970279367689],[121.09125069212675,14.599696907312385],[121.09124991261119,14.599787272268436],[121.09106432354369,14.599785753977521],[121.09105652733655,14.600689403399567],[121.09096356780984,14.600707723714942],[121.0916125174505,14.600784323091496]]]]},"properties":{"Var":3}}]}